Euler1,Euler2,Euler3,misorientation,misor_noise
0,0,0,0.283,14.323
0,0,7,0.178,12.76
0,0,14,0.0,0.403
0,0,21,0.27,14.54
0,0,28,0.272,7.221
0,0,35,0.141,11.141
0,0,42,0.275,3.876
0,0,49,0.0,0.09
0,0,56,0.0,0.56
0,0,63,0.0,8.229
0,0,70,0.0,6.118
0,0,77,0.239,12.999
0,0,84,0.0,12.033
0,0,91,0.0,0.877
0,0,98,0.0,0.269
0,0,105,0.0,1.545
0,0,112,0.225,10.731
0,0,119,0.0,17.172
0,0,126,0.061,12.454
0,0,133,0.0,9.664
0,0,140,0.0,0.344
0,0,147,0.262,17.481
0,0,154,0.0,7.542
0,0,161,0.292,9.022
0,0,168,0.241,15.228
0,0,175,0.238,14.53
0,7,0,0.046,8.554
0,7,7,0.554,4.139
0,7,14,0.014,9.056
0,7,21,0.124,7.004
0,7,28,0.113,3.985
0,7,35,0.233,11.705
0,7,42,0.0,7.351
0,7,49,0.287,12.552
0,7,56,0.183,7.275
0,7,63,0.036,8.386
0,7,70,0.517,8.456
0,7,77,0.306,4.57
0,7,84,0.002,15.353
0,7,91,0.311,6.15
0,7,98,0.092,8.526
0,7,105,0.001,15.907
0,7,112,0.114,8.04
0,7,119,0.35,0.658
0,7,126,0.019,7.002
0,7,133,0.076,11.176
0,7,140,0.265,11.395
0,7,147,0.366,9.06
0,7,154,0.871,3.643
0,7,161,0.023,7.518
0,7,168,0.084,6.846
0,7,175,0.255,8.29
0,14,0,0.001,3.282
0,14,7,0.01,1.299
0,14,14,0.008,3.877
0,14,21,1.169,4.127
0,14,28,0.035,16.726
0,14,35,0.001,7.869
0,14,42,1.012,9.507
0,14,49,0.061,11.721
0,14,56,0.052,14.005
0,14,63,0.008,10.075
0,14,70,0.161,6.283
0,14,77,0.0,1.8
0,14,84,0.091,2.683
0,14,91,0.056,6.769
0,14,98,0.077,8.533
0,14,105,0.17,6.076
0,14,112,0.064,3.729
0,14,119,0.001,4.128
0,14,126,0.04,10.635
0,14,133,0.073,6.427
0,14,140,0.136,6.084
0,14,147,0.032,8.88
0,14,154,0.0,3.292
0,14,161,0.102,6.274
0,14,168,0.001,8.302
0,14,175,0.19,3.369
0,21,0,0.0,5.768
0,21,7,0.008,4.654
0,21,14,0.06,10.039
0,21,21,0.045,1.399
0,21,28,0.001,6.151
0,21,35,0.006,6.795
0,21,42,0.001,6.252
0,21,49,0.064,1.797
0,21,56,0.049,1.954
0,21,63,0.067,6.049
0,21,70,0.043,6.035
0,21,77,0.104,2.953
0,21,84,0.001,0.741
0,21,91,0.082,6.098
0,21,98,0.001,1.235
0,21,105,0.015,10.485
0,21,112,0.0,9.837
0,21,119,0.049,3.596
0,21,126,0.052,7.291
0,21,133,0.098,14.309
0,21,140,0.001,5.353
0,21,147,0.062,9.717
0,21,154,0.092,7.519
0,21,161,0.067,5.273
0,21,168,0.027,1.379
0,21,175,0.054,5.617
0,28,0,0.101,13.995
0,28,7,0.085,10.039
0,28,14,0.061,0.828
0,28,21,0.001,1.922
0,28,28,0.031,4.831
0,28,35,0.031,5.484
0,28,42,0.091,12.233
0,28,49,0.001,2.868
0,28,56,0.001,7.557
0,28,63,0.085,4.51
0,28,70,0.001,3.156
0,28,77,0.003,8.287
0,28,84,0.033,7.442
0,28,91,0.049,7.62
0,28,98,0.009,9.621
0,28,105,0.002,9.118
0,28,112,0.08,10.629
0,28,119,0.002,5.901
0,28,126,0.074,3.186
0,28,133,0.1,2.952
0,28,140,0.07,0.777
0,28,147,0.003,8.214
0,28,154,0.051,6.937
0,28,161,0.064,1.116
0,28,168,0.039,8.58
0,28,175,0.082,7.956
0,35,0,0.073,4.679
0,35,7,0.001,2.909
0,35,14,0.05,4.793
0,35,21,0.11,12.623
0,35,28,0.069,7.381
0,35,35,0.037,9.304
0,35,42,0.071,11.964
0,35,49,0.057,10.025
0,35,56,0.003,11.856
0,35,63,0.04,14.102
0,35,70,0.109,10.345
0,35,77,0.044,7.7
0,35,84,0.0,6.298
0,35,91,0.021,3.032
0,35,98,0.035,11.54
0,35,105,0.048,1.435
0,35,112,0.072,7.509
0,35,119,0.027,7.697
0,35,126,0.0,8.852
0,35,133,0.081,0.961
0,35,140,0.013,3.225
0,35,147,0.0,0.619
0,35,154,0.071,6.124
0,35,161,0.056,10.597
0,35,168,0.0,10.131
0,35,175,0.082,6.865
0,42,0,0.12,1.882
0,42,7,0.003,7.44
0,42,14,0.033,1.678
0,42,21,0.146,12.889
0,42,28,0.001,2.166
0,42,35,0.004,8.534
0,42,42,0.065,4.456
0,42,49,0.001,11.856
0,42,56,0.038,11.018
0,42,63,0.035,3.061
0,42,70,0.065,11.437
0,42,77,0.003,9.576
0,42,84,0.048,1.439
0,42,91,0.009,2.065
0,42,98,0.018,3.362
0,42,105,0.003,1.879
0,42,112,0.06,7.949
0,42,119,0.001,11.872
0,42,126,0.032,2.028
0,42,133,0.001,4.153
0,42,140,0.001,1.433
0,42,147,0.001,2.212
0,42,154,0.014,3.255
0,42,161,0.001,2.651
0,42,168,0.001,8.229
0,42,175,0.022,7.57
0,49,0,0.0,3.437
0,49,7,0.002,3.257
0,49,14,0.024,5.541
0,49,21,0.131,12.941
0,49,28,0.052,11.704
0,49,35,0.001,6.423
0,49,42,0.001,10.952
0,49,49,0.065,2.877
0,49,56,0.008,10.303
0,49,63,0.0,2.587
0,49,70,0.028,10.98
0,49,77,0.002,1.345
0,49,84,0.015,10.669
0,49,91,0.051,8.265
0,49,98,0.022,2.135
0,49,105,0.001,11.402
0,49,112,0.001,2.691
0,49,119,0.001,4.721
0,49,126,0.001,1.639
0,49,133,0.002,8.236
0,49,140,0.001,3.131
0,49,147,0.001,0.996
0,49,154,0.131,3.533
0,49,161,0.002,4.232
0,49,168,0.0,10.279
0,49,175,0.111,0.806
0,56,0,0.001,8.509
0,56,7,0.119,1.48
0,56,14,0.002,2.677
0,56,21,0.163,4.653
0,56,28,0.082,9.529
0,56,35,0.018,10.492
0,56,42,0.089,5.832
0,56,49,0.148,2.09
0,56,56,0.002,4.025
0,56,63,0.014,1.415
0,56,70,0.068,3.061
0,56,77,0.015,9.507
0,56,84,0.115,1.341
0,56,91,0.001,4.016
0,56,98,0.027,11.644
0,56,105,0.001,2.083
0,56,112,0.001,7.788
0,56,119,0.039,8.191
0,56,126,0.002,2.711
0,56,133,0.093,1.012
0,56,140,0.002,3.672
0,56,147,0.001,5.425
0,56,154,0.102,1.182
0,56,161,0.078,1.575
0,56,168,0.14,8.759
0,56,175,0.041,8.916
0,63,0,0.001,0.597
0,63,7,0.061,7.518
0,63,14,0.001,2.685
0,63,21,0.002,0.532
0,63,28,0.002,10.326
0,63,35,0.001,1.438
0,63,42,0.232,1.202
0,63,49,0.093,6.883
0,63,56,0.094,8.186
0,63,63,0.001,7.932
0,63,70,0.001,3.36
0,63,77,0.002,2.477
0,63,84,0.001,7.981
0,63,91,0.001,4.695
0,63,98,0.001,13.883
0,63,105,0.001,1.951
0,63,112,0.012,4.075
0,63,119,0.001,1.553
0,63,126,0.001,9.293
0,63,133,0.001,5.706
0,63,140,0.013,7.499
0,63,147,0.002,4.772
0,63,154,0.194,4.425
0,63,161,0.098,6.028
0,63,168,0.17,7.332
0,63,175,0.134,0.593
0,70,0,0.116,8.674
0,70,7,0.001,4.142
0,70,14,0.331,7.966
0,70,21,0.001,7.925
0,70,28,0.07,1.032
0,70,35,0.243,8.848
0,70,42,0.154,0.712
0,70,49,0.001,10.344
0,70,56,0.212,7.393
0,70,63,0.0,6.482
0,70,70,0.001,5.887
0,70,77,0.112,2.114
0,70,84,0.249,10.511
0,70,91,0.001,5.651
0,70,98,0.001,3.769
0,70,105,0.0,2.008
0,70,112,0.053,1.099
0,70,119,0.002,4.784
0,70,126,0.001,8.264
0,70,133,0.001,5.013
0,70,140,0.001,9.153
0,70,147,0.001,6.396
0,70,154,0.272,5.078
0,70,161,0.001,1.099
0,70,168,0.01,4.308
0,70,175,0.001,3.132
0,77,0,0.228,6.84
0,77,7,0.287,3.397
0,77,14,0.341,4.624
0,77,21,0.255,3.501
0,77,28,0.229,17.897
0,77,35,0.138,8.93
0,77,42,0.269,10.429
0,77,49,0.265,5.226
0,77,56,0.272,9.402
0,77,63,0.256,3.747
0,77,70,0.282,9.083
0,77,77,0.296,1.116
0,77,84,0.269,15.386
0,77,91,0.29,6.435
0,77,98,0.268,6.963
0,77,105,0.0,6.374
0,77,112,0.299,17.4
0,77,119,0.23,4.376
0,77,126,0.263,5.759
0,77,133,0.221,4.746
0,77,140,0.285,7.665
0,77,147,0.302,11.834
0,77,154,0.219,4.235
0,77,161,0.296,8.431
0,77,168,0.299,11.138
0,77,175,0.292,13.852
0,84,0,0.007,6.769
0,84,7,0.014,6.018
0,84,14,0.335,6.019
0,84,21,0.259,8.728
0,84,28,0.31,7.187
0,84,35,0.155,4.472
0,84,42,0.303,7.675
0,84,49,0.309,6.824
0,84,56,0.208,6.058
0,84,63,0.344,9.499
0,84,70,0.328,3.15
0,84,77,0.326,3.509
0,84,84,0.377,6.543
0,84,91,0.257,5.404
0,84,98,0.352,10.553
0,84,105,0.333,5.788
0,84,112,0.234,5.474
0,84,119,0.224,6.431
0,84,126,0.272,10.906
0,84,133,0.309,6.871
0,84,140,0.304,5.949
0,84,147,0.288,9.568
0,84,154,0.343,9.261
0,84,161,0.34,7.193
0,84,168,0.344,2.209
0,84,175,0.314,9.11
7,0,0,0.226,5.124
7,0,7,0.0,2.609
7,0,14,0.389,12.71
7,0,21,0.0,7.451
7,0,28,0.0,11.157
7,0,35,0.0,13.725
7,0,42,0.24,11.513
7,0,49,0.0,14.672
7,0,56,0.0,1.561
7,0,63,0.0,0.539
7,0,70,0.0,7.631
7,0,77,0.0,12.492
7,0,84,0.273,5.879
7,0,91,0.271,0.405
7,0,98,0.0,0.894
7,0,105,0.283,3.755
7,0,112,0.0,0.55
7,0,119,0.0,3.251
7,0,126,0.0,0.498
7,0,133,0.288,9.637
7,0,140,0.282,13.485
7,0,147,0.0,14.868
7,0,154,0.0,8.868
7,0,161,0.0,13.627
7,0,168,0.224,9.268
7,0,175,0.27,6.028
7,7,0,0.002,2.014
7,7,7,0.138,9.073
7,7,14,0.182,11.548
7,7,21,0.007,5.499
7,7,28,0.009,6.858
7,7,35,0.039,10.993
7,7,42,0.306,11.076
7,7,49,0.009,12.691
7,7,56,0.066,7.0
7,7,63,0.028,7.823
7,7,70,0.197,9.066
7,7,77,0.079,10.744
7,7,84,0.019,9.114
7,7,91,0.021,15.305
7,7,98,0.015,9.767
7,7,105,0.004,12.396
7,7,112,0.008,4.464
7,7,119,0.007,8.419
7,7,126,0.04,10.226
7,7,133,0.212,8.123
7,7,140,0.034,13.767
7,7,147,0.015,3.105
7,7,154,0.03,7.433
7,7,161,0.012,7.0
7,7,168,0.058,11.766
7,7,175,0.013,15.504
7,14,0,0.037,8.082
7,14,7,0.01,15.343
7,14,14,0.069,3.14
7,14,21,0.056,5.201
7,14,28,0.002,14.062
7,14,35,0.001,2.936
7,14,42,0.004,13.631
7,14,49,0.001,2.565
7,14,56,0.002,10.791
7,14,63,0.003,11.25
7,14,70,0.056,8.462
7,14,77,0.001,16.304
7,14,84,0.008,4.435
7,14,91,0.002,0.993
7,14,98,0.002,11.047
7,14,105,0.003,6.399
7,14,112,0.007,5.38
7,14,119,0.009,11.291
7,14,126,0.002,5.601
7,14,133,0.004,1.89
7,14,140,0.005,14.016
7,14,147,0.005,4.272
7,14,154,0.005,6.571
7,14,161,0.002,2.838
7,14,168,0.006,3.414
7,14,175,0.003,13.617
7,21,0,0.039,2.27
7,21,7,0.028,5.2
7,21,14,0.001,2.414
7,21,21,0.022,4.038
7,21,28,0.001,3.928
7,21,35,0.002,4.576
7,21,42,0.021,9.927
7,21,49,0.006,3.954
7,21,56,0.001,2.627
7,21,63,0.001,9.935
7,21,70,0.025,11.518
7,21,77,0.001,2.773
7,21,84,0.053,11.122
7,21,91,0.037,8.021
7,21,98,0.042,4.136
7,21,105,0.001,3.056
7,21,112,0.007,9.976
7,21,119,0.001,4.325
7,21,126,0.001,8.721
7,21,133,0.001,6.993
7,21,140,0.044,3.285
7,21,147,0.033,2.802
7,21,154,0.002,5.39
7,21,161,0.037,4.287
7,21,168,0.004,7.313
7,21,175,0.022,4.904
7,28,0,0.001,4.077
7,28,7,0.014,5.384
7,28,14,0.036,4.6
7,28,21,0.001,8.378
7,28,28,0.045,4.176
7,28,35,0.0,3.57
7,28,42,0.002,2.248
7,28,49,0.006,2.963
7,28,56,0.03,6.791
7,28,63,0.001,1.866
7,28,70,0.033,7.096
7,28,77,0.007,3.464
7,28,84,0.001,1.64
7,28,91,0.031,3.573
7,28,98,0.022,7.716
7,28,105,0.04,9.2
7,28,112,0.016,8.95
7,28,119,0.026,8.422
7,28,126,0.002,3.299
7,28,133,0.018,3.474
7,28,140,0.005,8.152
7,28,147,0.001,5.414
7,28,154,0.02,6.575
7,28,161,0.031,3.763
7,28,168,0.004,7.721
7,28,175,0.002,4.112
7,35,0,0.001,3.709
7,35,7,0.036,5.802
7,35,14,0.016,2.066
7,35,21,0.028,4.425
7,35,28,0.005,5.901
7,35,35,0.001,4.013
7,35,42,0.012,0.743
7,35,49,0.013,4.41
7,35,56,0.013,2.255
7,35,63,0.002,10.203
7,35,70,0.02,4.804
7,35,77,0.003,6.57
7,35,84,0.001,4.84
7,35,91,0.024,3.577
7,35,98,0.016,4.603
7,35,105,0.013,5.674
7,35,112,0.013,4.626
7,35,119,0.005,4.524
7,35,126,0.013,3.148
7,35,133,0.02,6.623
7,35,140,0.014,4.006
7,35,147,0.001,3.577
7,35,154,0.007,5.601
7,35,161,0.01,6.607
7,35,168,0.001,3.543
7,35,175,0.007,0.916
7,42,0,0.004,5.695
7,42,7,0.029,9.184
7,42,14,0.005,3.13
7,42,21,0.017,6.481
7,42,28,0.009,6.384
7,42,35,0.013,2.912
7,42,42,0.009,4.662
7,42,49,0.021,0.744
7,42,56,0.002,5.113
7,42,63,0.006,1.81
7,42,70,0.021,2.641
7,42,77,0.003,6.502
7,42,84,0.01,3.215
7,42,91,0.01,5.22
7,42,98,0.001,4.989
7,42,105,0.011,5.197
7,42,112,0.014,4.294
7,42,119,0.01,4.979
7,42,126,0.014,3.707
7,42,133,0.014,4.069
7,42,140,0.015,6.907
7,42,147,0.011,5.465
7,42,154,0.012,1.332
7,42,161,0.007,2.901
7,42,168,0.013,2.561
7,42,175,0.0,4.26
7,49,0,0.002,2.45
7,49,7,0.005,7.759
7,49,14,0.006,2.565
7,49,21,0.006,5.057
7,49,28,0.01,6.724
7,49,35,0.013,2.404
7,49,42,0.009,5.52
7,49,49,0.006,3.947
7,49,56,0.012,3.413
7,49,63,0.003,1.198
7,49,70,0.01,7.155
7,49,77,0.002,2.234
7,49,84,0.003,3.177
7,49,91,0.01,5.234
7,49,98,0.003,6.249
7,49,105,0.001,4.72
7,49,112,0.014,3.049
7,49,119,0.01,4.446
7,49,126,0.008,3.831
7,49,133,0.01,6.628
7,49,140,0.016,5.695
7,49,147,0.015,3.436
7,49,154,0.007,2.562
7,49,161,0.013,4.493
7,49,168,0.012,6.408
7,49,175,0.002,8.553
7,56,0,0.004,7.763
7,56,7,0.003,1.634
7,56,14,0.003,3.487
7,56,21,0.001,2.387
7,56,28,0.003,2.98
7,56,35,0.005,5.221
7,56,42,0.009,3.245
7,56,49,0.01,2.953
7,56,56,0.003,8.369
7,56,63,0.003,1.471
7,56,70,0.011,5.484
7,56,77,0.009,2.013
7,56,84,0.001,3.174
7,56,91,0.006,4.816
7,56,98,0.006,5.831
7,56,105,0.001,4.981
7,56,112,0.008,3.505
7,56,119,0.009,6.079
7,56,126,0.006,7.069
7,56,133,0.006,5.645
7,56,140,0.005,3.5
7,56,147,0.004,8.724
7,56,154,0.008,3.513
7,56,161,0.008,4.375
7,56,168,0.008,4.649
7,56,175,0.001,3.125
7,63,0,0.003,6.539
7,63,7,0.001,3.269
7,63,14,0.001,6.493
7,63,21,0.009,3.345
7,63,28,0.002,4.683
7,63,35,0.003,7.198
7,63,42,0.006,2.991
7,63,49,0.006,2.833
7,63,56,0.003,4.554
7,63,63,0.005,3.069
7,63,70,0.006,6.23
7,63,77,0.002,6.672
7,63,84,0.002,6.54
7,63,91,0.006,5.486
7,63,98,0.005,1.236
7,63,105,0.002,2.6
7,63,112,0.005,6.887
7,63,119,0.005,7.454
7,63,126,0.003,1.377
7,63,133,0.002,6.701
7,63,140,0.003,2.356
7,63,147,0.002,3.825
7,63,154,0.001,5.741
7,63,161,0.003,5.532
7,63,168,0.002,4.674
7,63,175,0.001,7.224
7,70,0,0.003,5.202
7,70,7,6.753,6.185
7,70,14,0.001,7.103
7,70,21,0.001,20.418
7,70,28,0.002,6.75
7,70,35,0.002,4.264
7,70,42,0.004,7.415
7,70,49,0.002,4.207
7,70,56,0.003,3.326
7,70,63,0.003,4.41
7,70,70,0.003,5.132
7,70,77,0.002,6.717
7,70,84,0.002,2.256
7,70,91,0.001,2.722
7,70,98,0.002,3.019
7,70,105,0.001,5.752
7,70,112,0.001,8.747
7,70,119,0.001,1.059
7,70,126,0.002,7.378
7,70,133,0.003,4.045
7,70,140,0.004,0.618
7,70,147,0.002,5.953
7,70,154,0.002,7.355
7,70,161,0.003,4.87
7,70,168,0.002,7.016
7,70,175,0.003,2.021
7,77,0,0.001,13.447
7,77,7,0.003,3.658
7,77,14,0.002,2.522
7,77,21,0.002,4.853
7,77,28,0.003,12.783
7,77,35,0.001,7.338
7,77,42,0.001,3.01
7,77,49,0.001,2.995
7,77,56,0.002,8.59
7,77,63,0.001,5.634
7,77,70,0.003,13.613
7,77,77,0.004,1.246
7,77,84,0.002,2.66
7,77,91,0.002,3.969
7,77,98,0.001,13.78
7,77,105,0.002,8.016
7,77,112,0.001,5.843
7,77,119,0.001,11.797
7,77,126,0.002,7.038
7,77,133,0.001,3.593
7,77,140,0.002,1.851
7,77,147,0.004,6.918
7,77,154,0.004,5.83
7,77,161,0.002,5.429
7,77,168,0.003,5.8
7,77,175,0.002,5.672
7,84,0,0.003,6.813
7,84,7,0.019,6.715
7,84,14,0.001,1.844
7,84,21,0.001,2.892
7,84,28,0.003,5.86
7,84,35,0.006,7.489
7,84,42,0.003,10.768
7,84,49,0.004,3.048
7,84,56,0.002,6.172
7,84,63,0.005,5.703
7,84,70,0.004,4.655
7,84,77,0.014,6.143
7,84,84,0.017,7.191
7,84,91,0.002,9.307
7,84,98,0.01,13.533
7,84,105,0.023,5.609
7,84,112,0.005,12.147
7,84,119,0.002,6.072
7,84,126,0.014,10.967
7,84,133,0.004,5.6
7,84,140,0.004,9.207
7,84,147,0.009,9.244
7,84,154,0.001,7.623
7,84,161,0.001,5.316
7,84,168,0.015,7.888
7,84,175,0.004,7.76
14,0,0,0.0,9.503
14,0,7,0.0,2.639
14,0,14,0.253,21.605
14,0,21,0.255,14.44
14,0,28,0.0,0.329
14,0,35,0.268,11.679
14,0,42,0.0,17.79
14,0,49,0.298,8.263
14,0,56,0.128,20.29
14,0,63,0.0,16.816
14,0,70,0.0,6.309
14,0,77,0.0,10.116
14,0,84,0.278,9.004
14,0,91,0.146,0.092
14,0,98,0.235,17.097
14,0,105,0.259,11.803
14,0,112,0.153,9.036
14,0,119,0.0,5.964
14,0,126,0.0,15.409
14,0,133,0.0,12.459
14,0,140,0.299,0.419
14,0,147,0.238,1.189
14,0,154,0.292,16.2
14,0,161,0.299,12.748
14,0,168,0.067,0.495
14,0,175,0.0,9.698
14,7,0,0.06,7.039
14,7,7,0.079,12.101
14,7,14,0.023,1.038
14,7,21,0.019,1.734
14,7,28,1.11,8.805
14,7,35,0.005,6.775
14,7,42,0.005,7.805
14,7,49,0.36,5.59
14,7,56,0.023,6.617
14,7,63,0.009,11.967
14,7,70,0.019,7.077
14,7,77,0.01,9.588
14,7,84,0.001,5.946
14,7,91,0.006,1.658
14,7,98,0.018,2.861
14,7,105,0.003,7.105
14,7,112,1.075,3.658
14,7,119,0.661,8.179
14,7,126,0.02,7.407
14,7,133,0.004,8.653
14,7,140,0.004,7.0
14,7,147,0.017,10.656
14,7,154,0.011,6.576
14,7,161,0.003,3.606
14,7,168,0.01,4.276
14,7,175,0.626,7.145
14,14,0,0.001,14.002
14,14,7,0.003,5.596
14,14,14,0.005,4.931
14,14,21,0.027,9.72
14,14,28,0.002,14.627
14,14,35,0.007,14.534
14,14,42,0.001,2.607
14,14,49,0.006,6.449
14,14,56,0.002,15.429
14,14,63,0.001,6.248
14,14,70,0.019,6.042
14,14,77,0.001,5.941
14,14,84,0.002,6.928
14,14,91,0.001,6.302
14,14,98,0.01,6.532
14,14,105,0.001,6.201
14,14,112,0.044,7.697
14,14,119,0.001,6.107
14,14,126,0.021,7.924
14,14,133,0.002,4.513
14,14,140,0.002,8.829
14,14,147,0.001,5.334
14,14,154,0.01,2.502
14,14,161,0.001,3.161
14,14,168,0.002,8.795
14,14,175,0.0,1.675
14,21,0,0.0,5.562
14,21,7,0.052,5.472
14,21,14,0.0,7.316
14,21,21,0.005,6.151
14,21,28,0.001,6.045
14,21,35,0.001,7.083
14,21,42,0.012,1.182
14,21,49,0.011,4.693
14,21,56,0.001,7.662
14,21,63,0.022,4.184
14,21,70,0.001,4.903
14,21,77,0.001,3.262
14,21,84,0.029,7.027
14,21,91,0.008,6.167
14,21,98,0.012,7.662
14,21,105,0.02,2.375
14,21,112,0.01,4.977
14,21,119,0.001,1.037
14,21,126,0.002,3.878
14,21,133,0.003,4.903
14,21,140,0.006,7.975
14,21,147,0.002,6.85
14,21,154,0.021,7.081
14,21,161,0.003,11.502
14,21,168,0.001,8.785
14,21,175,0.004,3.827
14,28,0,0.003,6.675
14,28,7,0.006,2.902
14,28,14,0.013,1.982
14,28,21,0.004,5.045
14,28,28,0.004,5.962
14,28,35,0.003,5.471
14,28,42,0.007,7.301
14,28,49,0.001,10.525
14,28,56,0.003,5.44
14,28,63,0.001,5.2
14,28,70,0.006,4.096
14,28,77,0.004,4.759
14,28,84,0.013,3.394
14,28,91,0.002,4.661
14,28,98,0.016,6.705
14,28,105,0.012,7.478
14,28,112,0.003,7.573
14,28,119,0.001,1.185
14,28,126,0.009,6.48
14,28,133,0.002,6.934
14,28,140,0.002,5.942
14,28,147,0.011,7.213
14,28,154,0.012,5.892
14,28,161,0.011,6.9
14,28,168,0.01,3.142
14,28,175,0.01,4.463
14,35,0,0.001,2.687
14,35,7,0.006,2.821
14,35,14,0.01,2.692
14,35,21,0.011,3.301
14,35,28,0.002,8.748
14,35,35,0.007,10.104
14,35,42,0.017,8.051
14,35,49,0.001,0.444
14,35,56,0.001,4.043
14,35,63,0.005,4.517
14,35,70,0.012,7.151
14,35,77,0.011,6.015
14,35,84,0.009,5.083
14,35,91,0.004,4.084
14,35,98,0.004,4.878
14,35,105,0.006,5.932
14,35,112,0.013,2.619
14,35,119,0.006,3.077
14,35,126,0.01,6.212
14,35,133,0.002,4.764
14,35,140,0.007,2.762
14,35,147,0.002,1.647
14,35,154,0.01,4.046
14,35,161,0.002,9.542
14,35,168,0.0,3.485
14,35,175,0.014,7.525
14,42,0,0.001,6.063
14,42,7,0.008,2.361
14,42,14,0.008,1.82
14,42,21,0.011,6.893
14,42,28,0.001,1.972
14,42,35,0.003,3.074
14,42,42,0.009,4.577
14,42,49,0.006,2.51
14,42,56,0.007,4.482
14,42,63,0.008,3.626
14,42,70,0.005,2.311
14,42,77,0.003,2.945
14,42,84,0.009,2.525
14,42,91,0.007,5.967
14,42,98,0.011,4.575
14,42,105,0.01,4.275
14,42,112,0.007,2.679
14,42,119,0.001,3.348
14,42,126,0.003,3.909
14,42,133,0.003,3.801
14,42,140,0.005,4.589
14,42,147,0.005,5.146
14,42,154,0.01,3.095
14,42,161,0.001,4.653
14,42,168,0.008,5.112
14,42,175,0.013,4.108
14,49,0,0.0,6.424
14,49,7,0.005,3.702
14,49,14,0.008,2.916
14,49,21,0.008,1.847
14,49,28,0.002,1.75
14,49,35,0.006,2.01
14,49,42,0.004,2.56
14,49,49,0.003,1.903
14,49,56,0.003,3.352
14,49,63,0.006,2.923
14,49,70,0.006,1.506
14,49,77,0.002,5.495
14,49,84,0.007,2.803
14,49,91,0.007,11.477
14,49,98,0.005,2.586
14,49,105,0.007,3.011
14,49,112,0.001,10.947
14,49,119,0.005,2.922
14,49,126,0.008,8.13
14,49,133,0.006,4.036
14,49,140,0.001,2.173
14,49,147,0.003,1.755
14,49,154,0.007,1.356
14,49,161,0.003,11.043
14,49,168,0.003,2.229
14,49,175,0.009,4.656
14,56,0,0.001,5.544
14,56,7,0.002,8.726
14,56,14,0.006,2.787
14,56,21,0.005,0.69
14,56,28,0.002,5.097
14,56,35,0.005,12.109
14,56,42,0.003,3.903
14,56,49,0.002,5.626
14,56,56,0.002,1.554
14,56,63,0.004,5.942
14,56,70,0.004,3.891
14,56,77,0.003,4.406
14,56,84,0.007,1.363
14,56,91,0.006,3.917
14,56,98,0.001,2.459
14,56,105,0.006,0.966
14,56,112,0.002,2.557
14,56,119,0.003,4.233
14,56,126,0.004,1.333
14,56,133,0.006,3.719
14,56,140,0.003,4.466
14,56,147,0.004,4.529
14,56,154,0.003,0.815
14,56,161,0.004,4.328
14,56,168,0.002,5.805
14,56,175,0.005,4.342
14,63,0,0.002,2.097
14,63,7,0.002,3.629
14,63,14,0.005,2.784
14,63,21,0.001,2.602
14,63,28,0.002,1.742
14,63,35,0.003,3.469
14,63,42,0.002,4.546
14,63,49,0.003,2.684
14,63,56,0.003,6.576
14,63,63,0.003,0.239
14,63,70,0.001,6.579
14,63,77,0.003,2.945
14,63,84,0.003,6.944
14,63,91,0.002,1.718
14,63,98,0.001,5.816
14,63,105,0.003,1.729
14,63,112,0.003,5.585
14,63,119,0.001,4.804
14,63,126,0.005,8.513
14,63,133,0.004,2.24
14,63,140,0.003,5.269
14,63,147,0.004,3.806
14,63,154,0.006,3.263
14,63,161,0.003,1.452
14,63,168,0.003,7.516
14,63,175,0.005,3.248
14,70,0,0.001,3.233
14,70,7,0.004,4.699
14,70,14,0.004,1.162
14,70,21,0.005,6.41
14,70,28,0.002,2.56
14,70,35,0.004,2.083
14,70,42,0.002,4.487
14,70,49,0.003,3.799
14,70,56,0.004,4.771
14,70,63,0.004,4.105
14,70,70,0.002,0.505
14,70,77,0.003,3.148
14,70,84,0.002,1.281
14,70,91,0.003,6.188
14,70,98,0.002,3.742
14,70,105,0.005,3.441
14,70,112,0.004,8.519
14,70,119,0.002,3.889
14,70,126,0.003,3.005
14,70,133,0.002,5.255
14,70,140,0.001,1.438
14,70,147,0.003,4.695
14,70,154,0.004,3.774
14,70,161,0.002,6.424
14,70,168,0.003,5.753
14,70,175,0.001,3.066
14,77,0,0.002,5.999
14,77,7,0.003,11.517
14,77,14,0.005,14.998
14,77,21,0.002,2.901
14,77,28,0.003,3.0
14,77,35,0.004,14.234
14,77,42,0.001,1.944
14,77,49,0.002,6.7
14,77,56,0.003,4.64
14,77,63,0.002,4.269
14,77,70,0.003,4.393
14,77,77,0.004,6.593
14,77,84,0.002,2.064
14,77,91,0.002,5.325
14,77,98,0.003,3.645
14,77,105,0.002,4.698
14,77,112,0.002,8.31
14,77,119,0.003,7.663
14,77,126,0.002,5.444
14,77,133,0.002,9.254
14,77,140,0.002,3.169
14,77,147,0.003,1.899
14,77,154,0.001,4.387
14,77,161,0.001,3.051
14,77,168,0.003,3.607
14,77,175,0.001,8.107
14,84,0,0.005,8.196
14,84,7,0.003,3.788
14,84,14,0.009,6.719
14,84,21,0.012,6.501
14,84,28,0.01,6.54
14,84,35,0.009,7.322
14,84,42,0.004,7.762
14,84,49,0.006,5.385
14,84,56,0.004,2.15
14,84,63,0.005,8.669
14,84,70,0.009,6.901
14,84,77,0.012,5.615
14,84,84,0.008,3.867
14,84,91,0.002,7.443
14,84,98,0.009,8.949
14,84,105,0.008,2.468
14,84,112,0.011,10.666
14,84,119,0.002,6.604
14,84,126,0.009,6.484
14,84,133,0.002,6.388
14,84,140,0.003,10.831
14,84,147,0.013,4.064
14,84,154,0.004,6.639
14,84,161,0.001,3.451
14,84,168,0.012,10.15
14,84,175,0.005,6.264
21,0,0,0.178,0.594
21,0,7,0.257,4.821
21,0,14,0.0,0.522
21,0,21,0.165,6.269
21,0,28,0.231,5.601
21,0,35,0.0,15.358
21,0,42,0.271,0.218
21,0,49,0.0,6.437
21,0,56,0.0,13.228
21,0,63,0.0,13.987
21,0,70,0.159,10.122
21,0,77,0.273,14.802
21,0,84,0.276,0.551
21,0,91,0.183,8.727
21,0,98,0.0,8.401
21,0,105,0.243,0.929
21,0,112,0.0,20.114
21,0,119,0.276,4.995
21,0,126,0.0,14.17
21,0,133,0.0,7.265
21,0,140,0.258,13.786
21,0,147,0.268,0.337
21,0,154,0.204,10.528
21,0,161,0.239,7.388
21,0,168,0.0,0.14
21,0,175,0.0,0.863
21,7,0,0.002,8.011
21,7,7,0.071,4.562
21,7,14,0.005,2.728
21,7,21,0.001,8.888
21,7,28,0.009,7.692
21,7,35,0.011,10.204
21,7,42,0.002,6.658
21,7,49,0.014,6.286
21,7,56,0.036,7.641
21,7,63,0.023,13.148
21,7,70,0.003,6.023
21,7,77,0.021,3.632
21,7,84,0.004,11.825
21,7,91,0.003,14.812
21,7,98,0.013,12.479
21,7,105,0.004,7.003
21,7,112,0.005,6.51
21,7,119,0.004,7.033
21,7,126,0.003,11.31
21,7,133,0.19,13.049
21,7,140,0.002,6.497
21,7,147,0.016,10.239
21,7,154,0.027,8.672
21,7,161,0.005,9.454
21,7,168,0.37,9.336
21,7,175,0.018,10.927
21,14,0,0.0,4.44
21,14,7,0.001,7.305
21,14,14,0.012,11.701
21,14,21,0.006,3.347
21,14,28,0.009,9.528
21,14,35,0.009,1.622
21,14,42,0.004,9.107
21,14,49,0.002,4.374
21,14,56,0.001,5.634
21,14,63,0.001,11.533
21,14,70,0.012,5.283
21,14,77,0.002,8.809
21,14,84,0.002,10.407
21,14,91,0.001,9.437
21,14,98,0.001,5.508
21,14,105,0.002,4.892
21,14,112,0.004,4.975
21,14,119,0.009,5.483
21,14,126,0.007,6.116
21,14,133,0.001,14.004
21,14,140,0.001,3.516
21,14,147,0.003,5.041
21,14,154,0.001,7.646
21,14,161,0.002,3.172
21,14,168,0.001,14.006
21,14,175,0.002,4.898
21,21,0,0.0,6.065
21,21,7,0.001,4.0
21,21,14,0.007,8.65
21,21,21,0.004,5.259
21,21,28,0.005,5.285
21,21,35,0.014,4.673
21,21,42,0.017,10.277
21,21,49,0.001,7.394
21,21,56,0.001,7.481
21,21,63,0.001,5.769
21,21,70,0.001,4.119
21,21,77,0.002,3.172
21,21,84,0.019,2.393
21,21,91,0.006,4.923
21,21,98,0.012,9.324
21,21,105,0.001,4.254
21,21,112,0.009,8.305
21,21,119,0.002,2.479
21,21,126,0.0,6.122
21,21,133,0.005,6.83
21,21,140,0.003,3.262
21,21,147,0.007,3.432
21,21,154,0.001,16.044
21,21,161,0.004,5.739
21,21,168,0.009,3.746
21,21,175,0.001,7.303
21,28,0,0.001,1.726
21,28,7,0.009,5.06
21,28,14,0.005,4.832
21,28,21,0.001,6.098
21,28,28,0.008,5.233
21,28,35,0.005,9.766
21,28,42,0.001,1.867
21,28,49,0.001,11.392
21,28,56,0.012,2.421
21,28,63,0.001,2.346
21,28,70,0.002,6.198
21,28,77,0.007,2.111
21,28,84,0.005,2.47
21,28,91,0.003,10.087
21,28,98,0.009,7.894
21,28,105,0.002,7.762
21,28,112,0.001,3.778
21,28,119,0.006,4.532
21,28,126,0.003,2.022
21,28,133,0.001,8.357
21,28,140,0.007,9.393
21,28,147,0.009,4.026
21,28,154,0.004,1.693
21,28,161,0.001,3.41
21,28,168,0.01,9.453
21,28,175,0.003,2.225
21,35,0,0.001,1.974
21,35,7,0.005,5.822
21,35,14,0.005,3.081
21,35,21,0.001,3.727
21,35,28,0.009,6.756
21,35,35,0.004,3.0
21,35,42,0.004,1.534
21,35,49,0.001,1.359
21,35,56,0.008,5.416
21,35,63,0.004,4.9
21,35,70,0.004,5.584
21,35,77,0.006,2.005
21,35,84,0.001,5.486
21,35,91,0.005,3.192
21,35,98,0.007,0.894
21,35,105,0.002,2.524
21,35,112,0.001,4.812
21,35,119,0.001,3.713
21,35,126,0.001,4.249
21,35,133,0.003,3.653
21,35,140,0.005,2.442
21,35,147,0.006,4.096
21,35,154,0.005,4.73
21,35,161,0.005,1.018
21,35,168,0.002,5.422
21,35,175,0.007,3.286
21,42,0,0.003,2.868
21,42,7,0.004,1.803
21,42,14,0.007,1.231
21,42,21,0.001,2.022
21,42,28,0.004,8.306
21,42,35,0.004,4.165
21,42,42,0.003,3.334
21,42,49,0.005,4.309
21,42,56,0.004,3.728
21,42,63,0.004,1.602
21,42,70,0.003,3.261
21,42,77,0.005,1.499
21,42,84,0.005,2.827
21,42,91,0.001,6.517
21,42,98,0.006,2.1
21,42,105,0.005,1.871
21,42,112,0.004,4.32
21,42,119,0.005,5.478
21,42,126,0.006,2.28
21,42,133,0.004,2.483
21,42,140,0.004,2.925
21,42,147,0.006,1.159
21,42,154,0.003,2.419
21,42,161,0.003,6.281
21,42,168,0.002,4.729
21,42,175,0.001,3.841
21,49,0,0.002,2.1
21,49,7,0.005,1.741
21,49,14,0.003,3.701
21,49,21,0.005,2.569
21,49,28,0.004,2.918
21,49,35,0.002,3.254
21,49,42,0.002,4.359
21,49,49,0.003,3.911
21,49,56,0.003,5.236
21,49,63,0.004,3.639
21,49,70,0.003,5.138
21,49,77,0.004,4.827
21,49,84,0.006,3.143
21,49,91,0.004,1.916
21,49,98,0.004,3.47
21,49,105,0.006,2.648
21,49,112,0.004,2.234
21,49,119,0.003,5.211
21,49,126,0.005,2.024
21,49,133,0.004,2.702
21,49,140,0.004,6.452
21,49,147,0.006,5.602
21,49,154,0.004,2.306
21,49,161,0.002,3.475
21,49,168,0.005,1.776
21,49,175,0.003,4.807
21,56,0,0.002,1.356
21,56,7,0.003,4.768
21,56,14,0.002,1.205
21,56,21,0.003,2.607
21,56,28,0.004,3.672
21,56,35,0.004,3.254
21,56,42,0.005,3.087
21,56,49,0.004,1.628
21,56,56,0.006,5.045
21,56,63,0.003,1.633
21,56,70,0.002,2.097
21,56,77,0.004,3.066
21,56,84,0.002,1.933
21,56,91,0.003,2.008
21,56,98,0.005,1.682
21,56,105,0.004,2.675
21,56,112,0.003,1.999
21,56,119,0.005,2.042
21,56,126,0.005,11.878
21,56,133,0.001,4.004
21,56,140,0.003,2.952
21,56,147,0.002,1.804
21,56,154,0.003,1.907
21,56,161,0.003,3.767
21,56,168,0.005,2.461
21,56,175,0.003,5.842
21,63,0,0.001,1.429
21,63,7,0.002,3.557
21,63,14,0.003,2.774
21,63,21,0.004,0.902
21,63,28,0.004,5.504
21,63,35,0.005,1.31
21,63,42,0.004,4.437
21,63,49,0.003,1.948
21,63,56,0.003,2.796
21,63,63,0.004,2.513
21,63,70,0.003,2.782
21,63,77,0.004,2.631
21,63,84,0.005,4.57
21,63,91,0.002,1.868
21,63,98,0.003,1.262
21,63,105,0.004,2.804
21,63,112,0.002,3.399
21,63,119,0.004,1.336
21,63,126,0.003,0.991
21,63,133,0.002,4.94
21,63,140,0.004,4.309
21,63,147,0.004,5.393
21,63,154,0.002,3.194
21,63,161,0.003,2.691
21,63,168,0.003,3.582
21,63,175,0.003,0.33
21,70,0,0.002,4.143
21,70,7,0.002,0.99
21,70,14,0.003,3.165
21,70,21,0.003,3.88
21,70,28,0.004,2.929
21,70,35,0.004,0.954
21,70,42,0.003,4.554
21,70,49,0.002,3.115
21,70,56,0.003,5.239
21,70,63,0.002,3.504
21,70,70,0.003,6.354
21,70,77,0.003,4.461
21,70,84,0.002,2.046
21,70,91,0.003,2.494
21,70,98,0.003,3.201
21,70,105,0.003,2.079
21,70,112,0.002,4.453
21,70,119,0.003,5.151
21,70,126,0.002,6.903
21,70,133,0.003,7.81
21,70,140,0.002,4.785
21,70,147,0.004,4.107
21,70,154,0.002,3.73
21,70,161,0.003,4.178
21,70,168,0.003,2.589
21,70,175,0.003,4.008
21,77,0,0.002,3.54
21,77,7,0.004,0.825
21,77,14,0.001,4.932
21,77,21,0.003,6.072
21,77,28,0.003,6.663
21,77,35,0.002,1.925
21,77,42,0.002,10.205
21,77,49,0.002,9.171
21,77,56,0.002,2.649
21,77,63,0.002,15.315
21,77,70,0.003,3.092
21,77,77,0.003,6.628
21,77,84,0.003,7.058
21,77,91,0.003,2.408
21,77,98,0.001,3.772
21,77,105,0.004,13.468
21,77,112,0.003,2.778
21,77,119,0.004,10.527
21,77,126,0.003,2.549
21,77,133,0.002,2.76
21,77,140,0.004,3.824
21,77,147,0.003,4.207
21,77,154,0.002,1.756
21,77,161,0.004,4.531
21,77,168,0.004,1.851
21,77,175,0.002,4.034
21,84,0,0.003,7.145
21,84,7,0.007,0.854
21,84,14,0.004,9.395
21,84,21,0.012,4.779
21,84,28,0.003,8.293
21,84,35,0.002,6.344
21,84,42,0.015,3.591
21,84,49,0.004,8.635
21,84,56,0.004,11.489
21,84,63,0.003,8.567
21,84,70,0.009,3.844
21,84,77,0.003,8.335
21,84,84,0.006,6.644
21,84,91,0.005,1.373
21,84,98,0.003,6.877
21,84,105,0.002,6.766
21,84,112,0.003,6.123
21,84,119,0.004,6.855
21,84,126,0.002,9.526
21,84,133,0.015,10.051
21,84,140,0.004,3.426
21,84,147,0.002,6.36
21,84,154,0.007,5.029
21,84,161,0.004,8.247
21,84,168,0.004,11.636
21,84,175,0.005,2.753
28,0,0,0.0,13.508
28,0,7,0.0,10.006
28,0,14,0.0,5.183
28,0,21,0.226,8.517
28,0,28,0.203,3.635
28,0,35,0.141,6.152
28,0,42,0.0,10.057
28,0,49,0.0,13.068
28,0,56,0.0,0.896
28,0,63,0.213,15.451
28,0,70,0.0,3.889
28,0,77,0.247,14.412
28,0,84,0.0,13.54
28,0,91,0.134,5.542
28,0,98,0.0,13.696
28,0,105,0.0,10.225
28,0,112,0.277,9.354
28,0,119,0.286,4.381
28,0,126,0.225,12.575
28,0,133,0.115,11.269
28,0,140,0.233,10.643
28,0,147,0.0,9.421
28,0,154,0.284,9.849
28,0,161,0.0,12.919
28,0,168,0.0,11.783
28,0,175,0.0,0.359
28,7,0,0.003,10.847
28,7,7,0.002,11.003
28,7,14,0.022,5.414
28,7,21,0.348,5.634
28,7,28,0.006,8.173
28,7,35,0.001,7.067
28,7,42,0.002,5.584
28,7,49,0.246,7.005
28,7,56,0.025,3.599
28,7,63,0.045,13.534
28,7,70,0.009,10.398
28,7,77,0.005,9.94
28,7,84,0.014,4.275
28,7,91,0.003,11.065
28,7,98,0.532,8.622
28,7,105,0.009,8.153
28,7,112,0.01,6.467
28,7,119,0.004,7.038
28,7,126,0.009,2.766
28,7,133,0.002,7.002
28,7,140,0.006,7.006
28,7,147,0.405,6.068
28,7,154,0.028,6.115
28,7,161,0.004,5.793
28,7,168,0.013,14.75
28,7,175,0.013,4.195
28,14,0,0.001,3.68
28,14,7,0.002,12.471
28,14,14,0.002,5.048
28,14,21,0.01,7.221
28,14,28,0.002,5.601
28,14,35,0.007,2.2
28,14,42,0.006,3.529
28,14,49,0.004,11.66
28,14,56,0.001,4.04
28,14,63,0.005,5.248
28,14,70,0.004,5.579
28,14,77,0.001,4.939
28,14,84,0.001,4.076
28,14,91,0.001,4.273
28,14,98,0.001,7.245
28,14,105,0.001,8.625
28,14,112,0.008,6.932
28,14,119,0.006,2.433
28,14,126,0.007,6.558
28,14,133,0.001,2.422
28,14,140,0.001,14.036
28,14,147,0.001,6.928
28,14,154,0.002,5.743
28,14,161,0.001,10.077
28,14,168,0.001,6.452
28,14,175,0.001,6.332
28,21,0,0.004,4.796
28,21,7,0.002,9.667
28,21,14,0.002,5.522
28,21,21,0.002,4.984
28,21,28,0.001,7.001
28,21,35,0.009,5.29
28,21,42,0.001,3.025
28,21,49,0.004,6.416
28,21,56,0.003,5.34
28,21,63,0.002,5.393
28,21,70,0.007,8.658
28,21,77,0.006,3.097
28,21,84,0.009,4.388
28,21,91,0.003,1.57
28,21,98,0.011,7.622
28,21,105,0.003,0.939
28,21,112,0.002,2.956
28,21,119,0.001,7.222
28,21,126,0.001,8.595
28,21,133,0.001,2.002
28,21,140,0.003,1.232
28,21,147,0.007,5.694
28,21,154,0.002,5.1
28,21,161,0.004,8.603
28,21,168,0.002,1.673
28,21,175,0.018,4.705
28,28,0,0.003,2.156
28,28,7,0.0,1.791
28,28,14,0.004,2.394
28,28,21,0.001,3.317
28,28,28,0.001,5.226
28,28,35,0.008,1.452
28,28,42,0.001,4.328
28,28,49,0.005,4.193
28,28,56,0.006,5.978
28,28,63,0.001,9.722
28,28,70,0.006,5.695
28,28,77,0.011,4.851
28,28,84,0.001,2.591
28,28,91,0.001,3.553
28,28,98,0.003,1.075
28,28,105,0.005,2.026
28,28,112,0.004,6.83
28,28,119,0.004,4.411
28,28,126,0.002,2.888
28,28,133,0.002,2.449
28,28,140,0.003,1.373
28,28,147,0.01,1.464
28,28,154,0.001,5.045
28,28,161,0.004,3.792
28,28,168,0.008,1.939
28,28,175,0.001,3.453
28,35,0,0.004,4.261
28,35,7,0.007,4.473
28,35,14,0.004,6.013
28,35,21,0.004,1.875
28,35,28,0.001,3.687
28,35,35,0.002,1.075
28,35,42,0.004,6.796
28,35,49,0.001,0.69
28,35,56,0.003,3.268
28,35,63,0.001,1.893
28,35,70,0.007,1.226
28,35,77,0.004,15.964
28,35,84,0.005,3.234
28,35,91,0.002,3.564
28,35,98,0.006,1.965
28,35,105,0.005,3.13
28,35,112,0.005,3.173
28,35,119,0.006,1.176
28,35,126,0.006,6.345
28,35,133,0.001,3.791
28,35,140,0.004,3.015
28,35,147,0.001,3.128
28,35,154,0.003,3.906
28,35,161,0.002,2.332
28,35,168,0.004,1.538
28,35,175,0.006,3.233
28,42,0,0.003,1.078
28,42,7,0.006,2.101
28,42,14,0.002,5.565
28,42,21,0.005,2.69
28,42,28,0.005,3.353
28,42,35,0.003,2.76
28,42,42,0.005,2.585
28,42,49,0.005,3.055
28,42,56,0.004,3.177
28,42,63,0.004,5.343
28,42,70,0.005,2.993
28,42,77,0.005,3.116
28,42,84,0.004,7.217
28,42,91,0.006,3.869
28,42,98,0.005,2.171
28,42,105,0.002,1.826
28,42,112,0.004,3.268
28,42,119,0.003,1.971
28,42,126,0.001,5.385
28,42,133,0.004,0.426
28,42,140,0.002,1.702
28,42,147,0.005,1.345
28,42,154,0.005,5.737
28,42,161,0.001,5.515
28,42,168,0.006,5.83
28,42,175,0.001,0.691
28,49,0,0.004,1.915
28,49,7,0.003,0.691
28,49,14,0.003,2.701
28,49,21,0.002,1.215
28,49,28,0.002,2.916
28,49,35,0.005,0.759
28,49,42,0.001,3.495
28,49,49,0.004,1.84
28,49,56,0.003,2.323
28,49,63,0.004,1.833
28,49,70,0.005,1.786
28,49,77,0.005,2.574
28,49,84,0.003,1.882
28,49,91,0.005,1.134
28,49,98,0.005,3.053
28,49,105,0.002,2.828
28,49,112,0.003,4.278
28,49,119,0.005,2.68
28,49,126,0.003,1.722
28,49,133,0.002,5.006
28,49,140,0.004,2.385
28,49,147,0.004,0.865
28,49,154,0.001,2.057
28,49,161,0.003,3.299
28,49,168,0.005,2.662
28,49,175,0.001,1.004
28,56,0,0.004,1.867
28,56,7,0.003,4.836
28,56,14,0.005,6.525
28,56,21,0.004,3.764
28,56,28,0.004,3.383
28,56,35,0.002,1.741
28,56,42,0.003,2.659
28,56,49,0.003,3.235
28,56,56,0.004,4.038
28,56,63,0.003,2.105
28,56,70,0.004,2.222
28,56,77,0.004,2.01
28,56,84,0.003,7.61
28,56,91,0.004,1.402
28,56,98,0.001,2.818
28,56,105,0.003,1.816
28,56,112,0.003,3.508
28,56,119,0.004,2.276
28,56,126,0.003,4.963
28,56,133,0.004,1.599
28,56,140,0.005,2.647
28,56,147,0.004,3.681
28,56,154,0.003,2.877
28,56,161,0.004,6.339
28,56,168,0.004,4.707
28,56,175,0.003,1.925
28,63,0,0.004,2.063
28,63,7,0.003,5.689
28,63,14,0.004,2.774
28,63,21,0.002,2.972
28,63,28,0.003,2.769
28,63,35,0.003,2.963
28,63,42,0.002,3.879
28,63,49,0.004,5.174
28,63,56,0.002,4.057
28,63,63,0.002,4.877
28,63,70,0.004,4.562
28,63,77,0.003,2.272
28,63,84,0.002,3.115
28,63,91,0.004,2.439
28,63,98,0.004,3.069
28,63,105,0.002,4.032
28,63,112,0.003,2.795
28,63,119,0.002,2.655
28,63,126,0.003,1.28
28,63,133,0.003,0.614
28,63,140,0.003,0.278
28,63,147,0.003,2.31
28,63,154,0.003,1.624
28,63,161,0.003,2.779
28,63,168,0.001,1.764
28,63,175,0.002,2.074
28,70,0,0.004,1.785
28,70,7,0.003,1.802
28,70,14,0.002,3.34
28,70,21,0.003,2.781
28,70,28,0.002,1.872
28,70,35,0.002,6.252
28,70,42,0.003,7.226
28,70,49,0.004,7.403
28,70,56,0.002,4.248
28,70,63,0.003,2.528
28,70,70,0.001,1.938
28,70,77,0.004,5.006
28,70,84,0.002,6.212
28,70,91,0.004,2.361
28,70,98,0.003,3.393
28,70,105,0.003,3.108
28,70,112,0.002,5.577
28,70,119,0.003,2.841
28,70,126,0.003,4.109
28,70,133,0.003,2.644
28,70,140,0.004,2.138
28,70,147,0.002,1.881
28,70,154,0.003,3.75
28,70,161,0.002,1.206
28,70,168,0.003,1.897
28,70,175,0.003,6.257
28,77,0,0.004,5.662
28,77,7,0.002,3.594
28,77,14,0.005,18.705
28,77,21,0.004,5.187
28,77,28,0.003,6.392
28,77,35,0.003,2.197
28,77,42,0.003,6.668
28,77,49,0.002,19.076
28,77,56,0.004,1.945
28,77,63,0.003,5.178
28,77,70,0.003,1.611
28,77,77,0.004,6.5
28,77,84,0.002,5.264
28,77,91,0.003,1.795
28,77,98,0.005,6.883
28,77,105,0.002,1.549
28,77,112,0.003,2.053
28,77,119,0.003,4.038
28,77,126,0.002,2.637
28,77,133,0.003,3.392
28,77,140,0.003,2.974
28,77,147,0.002,18.98
28,77,154,0.003,5.792
28,77,161,0.003,8.198
28,77,168,0.003,4.908
28,77,175,0.003,4.151
28,84,0,0.006,0.676
28,84,7,0.006,1.885
28,84,14,0.008,5.867
28,84,21,0.006,8.629
28,84,28,0.003,3.062
28,84,35,0.003,11.771
28,84,42,0.012,4.878
28,84,49,0.002,2.821
28,84,56,0.003,4.894
28,84,63,0.004,12.301
28,84,70,0.005,7.48
28,84,77,0.004,10.497
28,84,84,0.003,8.358
28,84,91,0.003,12.08
28,84,98,0.005,5.812
28,84,105,0.009,7.711
28,84,112,0.005,8.724
28,84,119,0.005,11.016
28,84,126,0.009,11.143
28,84,133,0.008,3.335
28,84,140,0.003,1.92
28,84,147,0.008,4.763
28,84,154,0.009,4.928
28,84,161,0.004,5.291
28,84,168,0.005,3.739
28,84,175,0.004,10.965
35,0,0,0.0,10.237
35,0,7,0.273,4.798
35,0,14,0.028,7.86
35,0,21,0.258,11.551
35,0,28,0.0,11.161
35,0,35,0.0,1.425
35,0,42,0.0,4.475
35,0,49,0.0,10.656
35,0,56,0.274,12.248
35,0,63,0.0,12.821
35,0,70,0.285,0.928
35,0,77,0.337,10.004
35,0,84,0.25,0.151
35,0,91,0.0,12.51
35,0,98,0.281,7.633
35,0,105,0.335,4.633
35,0,112,0.328,8.363
35,0,119,0.0,0.152
35,0,126,0.0,16.661
35,0,133,0.0,0.422
35,0,140,0.203,16.596
35,0,147,0.0,19.983
35,0,154,0.0,5.801
35,0,161,0.101,3.856
35,0,168,0.268,6.633
35,0,175,0.117,13.534
35,7,0,0.002,7.501
35,7,7,0.008,7.182
35,7,14,0.148,4.965
35,7,21,0.01,9.612
35,7,28,0.008,4.644
35,7,35,0.003,9.891
35,7,42,0.001,4.187
35,7,49,0.086,7.018
35,7,56,0.007,8.716
35,7,63,0.005,7.987
35,7,70,0.003,12.448
35,7,77,0.044,4.967
35,7,84,2.206,7.001
35,7,91,0.003,7.001
35,7,98,0.001,7.002
35,7,105,0.012,11.869
35,7,112,0.019,7.018
35,7,119,0.002,5.897
35,7,126,0.03,2.715
35,7,133,0.11,10.762
35,7,140,0.011,5.753
35,7,147,0.002,12.363
35,7,154,0.001,6.391
35,7,161,0.007,7.599
35,7,168,0.139,7.586
35,7,175,0.002,6.041
35,14,0,0.003,2.631
35,14,7,0.003,5.53
35,14,14,0.001,7.663
35,14,21,0.014,8.268
35,14,28,0.004,8.195
35,14,35,0.004,7.929
35,14,42,0.003,8.775
35,14,49,0.004,14.067
35,14,56,0.001,2.855
35,14,63,0.002,5.476
35,14,70,0.013,10.197
35,14,77,0.001,6.912
35,14,84,0.002,10.479
35,14,91,0.004,3.331
35,14,98,0.003,6.304
35,14,105,0.001,8.396
35,14,112,0.011,6.057
35,14,119,0.001,5.919
35,14,126,0.006,7.616
35,14,133,0.002,14.015
35,14,140,0.001,2.477
35,14,147,0.002,7.24
35,14,154,0.005,7.94
35,14,161,0.001,6.961
35,14,168,0.001,10.226
35,14,175,0.002,9.517
35,21,0,0.0,17.021
35,21,7,0.001,3.332
35,21,14,0.003,11.193
35,21,21,0.005,3.188
35,21,28,0.001,1.85
35,21,35,0.007,1.435
35,21,42,0.006,3.054
35,21,49,0.001,9.169
35,21,56,0.001,3.841
35,21,63,0.001,7.442
35,21,70,0.001,6.254
35,21,77,0.001,4.101
35,21,84,0.007,4.537
35,21,91,0.01,5.036
35,21,98,0.008,9.599
35,21,105,0.006,2.073
35,21,112,0.005,1.22
35,21,119,0.002,6.039
35,21,126,0.001,1.064
35,21,133,0.006,5.595
35,21,140,0.006,5.244
35,21,147,0.003,4.024
35,21,154,0.001,2.806
35,21,161,0.002,7.92
35,21,168,0.002,3.302
35,21,175,0.001,9.881
35,28,0,0.001,3.887
35,28,7,0.005,2.553
35,28,14,0.006,6.242
35,28,21,0.004,1.211
35,28,28,0.003,5.019
35,28,35,0.002,12.598
35,28,42,0.005,6.792
35,28,49,0.001,2.699
35,28,56,0.002,4.011
35,28,63,0.001,7.316
35,28,70,0.001,1.706
35,28,77,0.004,2.696
35,28,84,0.004,7.763
35,28,91,0.0,3.413
35,28,98,0.005,5.042
35,28,105,0.008,5.026
35,28,112,0.001,5.449
35,28,119,0.008,1.567
35,28,126,0.002,12.214
35,28,133,0.002,1.685
35,28,140,0.001,6.348
35,28,147,0.007,2.098
35,28,154,0.003,1.45
35,28,161,0.003,2.593
35,28,168,0.006,8.379
35,28,175,0.003,8.148
35,35,0,0.001,4.141
35,35,7,0.002,1.909
35,35,14,0.002,3.108
35,35,21,0.006,5.739
35,35,28,0.005,5.54
35,35,35,0.004,2.298
35,35,42,0.006,2.027
35,35,49,0.003,2.974
35,35,56,0.003,0.941
35,35,63,0.004,0.798
35,35,70,0.003,4.69
35,35,77,0.007,3.992
35,35,84,0.004,4.687
35,35,91,0.005,9.595
35,35,98,0.004,2.808
35,35,105,0.001,2.443
35,35,112,0.005,7.071
35,35,119,0.003,2.785
35,35,126,0.002,2.411
35,35,133,0.005,2.958
35,35,140,0.006,1.496
35,35,147,0.001,2.184
35,35,154,0.005,2.028
35,35,161,0.002,3.467
35,35,168,0.001,3.436
35,35,175,0.003,1.436
35,42,0,0.002,2.461
35,42,7,0.005,2.712
35,42,14,0.003,3.306
35,42,21,0.001,1.251
35,42,28,0.003,5.132
35,42,35,0.002,6.348
35,42,42,0.004,0.636
35,42,49,0.004,4.287
35,42,56,0.002,2.682
35,42,63,0.005,3.888
35,42,70,0.003,9.86
35,42,77,0.004,3.441
35,42,84,0.005,1.193
35,42,91,0.003,2.753
35,42,98,0.005,4.621
35,42,105,0.006,4.539
35,42,112,0.004,5.099
35,42,119,0.003,1.861
35,42,126,0.003,1.534
35,42,133,0.002,3.375
35,42,140,0.004,2.658
35,42,147,0.001,3.287
35,42,154,0.003,3.378
35,42,161,0.005,0.676
35,42,168,0.003,2.686
35,42,175,0.004,2.154
35,49,0,0.001,2.464
35,49,7,0.005,1.444
35,49,14,0.004,1.27
35,49,21,0.005,2.272
35,49,28,0.004,1.008
35,49,35,0.004,1.734
35,49,42,0.003,1.051
35,49,49,0.004,3.211
35,49,56,0.003,1.191
35,49,63,0.004,2.628
35,49,70,0.003,0.495
35,49,77,0.004,5.0
35,49,84,0.004,3.226
35,49,91,0.001,1.994
35,49,98,0.004,3.905
35,49,105,0.004,2.586
35,49,112,0.003,5.718
35,49,119,0.004,3.785
35,49,126,0.003,2.832
35,49,133,0.005,3.955
35,49,140,0.004,3.795
35,49,147,0.003,3.223
35,49,154,0.004,2.552
35,49,161,0.004,1.82
35,49,168,0.004,2.58
35,49,175,0.003,1.415
35,56,0,0.004,2.13
35,56,7,0.004,1.405
35,56,14,0.003,2.86
35,56,21,0.003,2.513
35,56,28,0.004,1.758
35,56,35,0.004,4.064
35,56,42,0.004,4.283
35,56,49,0.004,5.503
35,56,56,0.003,4.75
35,56,63,0.003,6.132
35,56,70,0.004,3.757
35,56,77,0.004,3.799
35,56,84,0.003,2.761
35,56,91,0.004,3.049
35,56,98,0.004,2.889
35,56,105,0.004,2.975
35,56,112,0.004,0.738
35,56,119,0.003,1.174
35,56,126,0.003,4.816
35,56,133,0.004,1.493
35,56,140,0.002,2.555
35,56,147,0.003,1.359
35,56,154,0.004,7.113
35,56,161,0.004,5.656
35,56,168,0.003,4.504
35,56,175,0.002,3.868
35,63,0,0.003,2.815
35,63,7,0.003,3.684
35,63,14,0.003,1.552
35,63,21,0.003,4.648
35,63,28,0.002,1.703
35,63,35,0.003,4.418
35,63,42,0.003,1.999
35,63,49,0.003,3.874
35,63,56,0.003,4.062
35,63,63,0.003,2.793
35,63,70,0.002,1.666
35,63,77,0.002,3.061
35,63,84,0.003,4.516
35,63,91,0.002,4.765
35,63,98,0.003,1.675
35,63,105,0.003,2.315
35,63,112,0.004,5.135
35,63,119,0.003,1.186
35,63,126,0.003,2.999
35,63,133,0.003,2.045
35,63,140,0.004,3.489
35,63,147,0.003,7.275
35,63,154,0.004,0.946
35,63,161,0.003,1.559
35,63,168,0.003,7.029
35,63,175,0.004,3.642
35,70,0,0.002,2.808
35,70,7,0.003,4.964
35,70,14,0.003,6.141
35,70,21,0.004,3.996
35,70,28,0.004,3.744
35,70,35,0.003,3.834
35,70,42,0.003,3.223
35,70,49,0.003,1.329
35,70,56,0.003,1.909
35,70,63,0.003,4.438
35,70,70,0.003,2.041
35,70,77,0.003,3.676
35,70,84,0.003,2.918
35,70,91,0.003,1.774
35,70,98,0.003,2.448
35,70,105,0.003,2.88
35,70,112,0.004,4.374
35,70,119,0.003,3.183
35,70,126,0.003,3.987
35,70,133,0.003,3.585
35,70,140,0.002,2.047
35,70,147,0.003,2.682
35,70,154,0.003,2.158
35,70,161,0.003,1.342
35,70,168,0.003,1.832
35,70,175,0.002,3.13
35,77,0,0.002,5.628
35,77,7,0.003,3.64
35,77,14,0.003,3.867
35,77,21,0.004,9.951
35,77,28,0.004,1.806
35,77,35,0.003,7.468
35,77,42,0.003,3.294
35,77,49,0.002,2.145
35,77,56,0.003,3.66
35,77,63,0.003,4.787
35,77,70,0.003,2.544
35,77,77,0.002,4.236
35,77,84,0.003,1.72
35,77,91,0.003,3.594
35,77,98,0.002,1.431
35,77,105,0.003,2.671
35,77,112,0.004,1.225
35,77,119,0.003,16.809
35,77,126,0.003,1.827
35,77,133,0.003,2.802
35,77,140,0.003,2.715
35,77,147,0.003,2.976
35,77,154,0.003,6.896
35,77,161,0.003,2.641
35,77,168,0.003,9.749
35,77,175,0.003,1.357
35,84,0,0.002,1.094
35,84,7,0.003,5.177
35,84,14,0.004,1.18
35,84,21,0.004,3.739
35,84,28,0.003,10.037
35,84,35,0.003,1.572
35,84,42,0.005,3.162
35,84,49,0.003,6.82
35,84,56,0.003,7.826
35,84,63,0.005,4.376
35,84,70,0.004,15.419
35,84,77,0.003,9.188
35,84,84,0.004,5.743
35,84,91,0.005,7.154
35,84,98,0.003,9.576
35,84,105,0.003,8.939
35,84,112,0.002,1.806
35,84,119,0.002,9.582
35,84,126,0.004,2.378
35,84,133,0.006,4.29
35,84,140,0.005,7.94
35,84,147,0.006,10.223
35,84,154,0.008,6.002
35,84,161,0.003,8.1
35,84,168,0.003,13.709
35,84,175,0.007,10.492
42,0,0,0.0,13.653
42,0,7,0.0,5.928
42,0,14,0.0,0.106
42,0,21,0.269,0.723
42,0,28,0.287,5.008
42,0,35,0.0,9.532
42,0,42,0.265,3.101
42,0,49,0.0,7.618
42,0,56,0.0,1.248
42,0,63,0.0,17.16
42,0,70,0.0,14.848
42,0,77,0.347,3.947
42,0,84,0.0,17.213
42,0,91,0.253,20.24
42,0,98,0.335,13.192
42,0,105,0.21,10.619
42,0,112,0.0,14.132
42,0,119,0.0,9.532
42,0,126,0.277,0.692
42,0,133,0.0,0.783
42,0,140,0.0,12.643
42,0,147,0.0,2.164
42,0,154,0.228,0.51
42,0,161,0.0,3.612
42,0,168,0.0,10.567
42,0,175,0.245,0.978
42,7,0,0.004,6.898
42,7,7,0.002,3.545
42,7,14,0.055,5.249
42,7,21,0.009,5.194
42,7,28,0.06,7.012
42,7,35,0.008,5.43
42,7,42,0.002,10.634
42,7,49,0.054,7.871
42,7,56,0.004,7.001
42,7,63,0.024,4.631
42,7,70,0.005,7.007
42,7,77,0.009,7.89
42,7,84,0.044,12.039
42,7,91,0.002,12.994
42,7,98,1.002,9.651
42,7,105,0.028,2.225
42,7,112,0.054,1.94
42,7,119,0.354,7.0
42,7,126,0.015,15.057
42,7,133,0.001,4.088
42,7,140,0.002,6.148
42,7,147,0.002,5.99
42,7,154,0.002,7.002
42,7,161,0.004,7.826
42,7,168,0.007,7.896
42,7,175,0.214,11.097
42,14,0,0.002,7.737
42,14,7,0.003,2.927
42,14,14,0.002,3.394
42,14,21,0.016,2.671
42,14,28,0.002,3.724
42,14,35,0.013,9.153
42,14,42,0.002,3.357
42,14,49,0.001,11.148
42,14,56,0.001,4.892
42,14,63,0.003,3.032
42,14,70,0.011,10.308
42,14,77,0.001,10.611
42,14,84,0.003,4.163
42,14,91,0.001,8.952
42,14,98,0.002,3.538
42,14,105,0.001,6.729
42,14,112,0.006,14.0
42,14,119,0.002,4.879
42,14,126,0.011,9.291
42,14,133,0.003,6.986
42,14,140,0.001,4.001
42,14,147,0.001,8.518
42,14,154,0.002,2.966
42,14,161,0.008,8.656
42,14,168,0.001,4.595
42,14,175,0.014,10.516
42,21,0,0.001,0.44
42,21,7,0.0,5.311
42,21,14,0.001,2.453
42,21,21,0.006,3.941
42,21,28,0.011,1.555
42,21,35,0.004,3.482
42,21,42,0.004,4.241
42,21,49,0.002,4.711
42,21,56,0.003,4.986
42,21,63,0.001,4.152
42,21,70,0.001,4.061
42,21,77,0.002,7.378
42,21,84,0.007,5.073
42,21,91,0.009,3.967
42,21,98,0.009,1.89
42,21,105,0.003,1.607
42,21,112,0.008,4.486
42,21,119,0.001,13.975
42,21,126,0.001,6.234
42,21,133,0.001,7.038
42,21,140,0.006,8.24
42,21,147,0.005,3.782
42,21,154,0.007,6.973
42,21,161,0.002,4.943
42,21,168,0.008,10.658
42,21,175,0.002,10.07
42,28,0,0.001,2.543
42,28,7,0.009,1.585
42,28,14,0.002,2.693
42,28,21,0.002,6.125
42,28,28,0.005,5.032
42,28,35,0.001,6.194
42,28,42,0.001,4.69
42,28,49,0.002,2.059
42,28,56,0.006,6.927
42,28,63,0.002,2.935
42,28,70,0.007,3.658
42,28,77,0.002,3.174
42,28,84,0.001,4.326
42,28,91,0.006,5.747
42,28,98,0.009,0.733
42,28,105,0.007,7.939
42,28,112,0.004,1.594
42,28,119,0.007,5.574
42,28,126,0.004,2.036
42,28,133,0.002,3.825
42,28,140,0.0,2.48
42,28,147,0.004,7.079
42,28,154,0.006,3.77
42,28,161,0.001,2.15
42,28,168,0.009,4.59
42,28,175,0.001,2.854
42,35,0,0.002,3.277
42,35,7,0.005,1.913
42,35,14,0.006,3.44
42,35,21,0.001,2.303
42,35,28,0.007,1.346
42,35,35,0.003,2.638
42,35,42,0.006,3.704
42,35,49,0.001,1.772
42,35,56,0.006,7.02
42,35,63,0.0,5.744
42,35,70,0.005,2.9
42,35,77,0.006,3.062
42,35,84,0.002,4.082
42,35,91,0.004,2.691
42,35,98,0.005,4.115
42,35,105,0.006,4.624
42,35,112,0.003,1.142
42,35,119,0.004,1.597
42,35,126,0.004,4.081
42,35,133,0.006,3.384
42,35,140,0.006,2.297
42,35,147,0.003,0.774
42,35,154,0.006,4.192
42,35,161,0.006,7.074
42,35,168,0.001,5.276
42,35,175,0.001,3.958
42,42,0,0.001,5.916
42,42,7,0.003,6.93
42,42,14,0.005,3.484
42,42,21,0.004,2.988
42,42,28,0.003,4.143
42,42,35,0.005,3.917
42,42,42,0.006,1.809
42,42,49,0.003,0.899
42,42,56,0.003,1.577
42,42,63,0.004,2.602
42,42,70,0.005,1.425
42,42,77,0.005,4.026
42,42,84,0.002,1.674
42,42,91,0.003,2.326
42,42,98,0.005,1.774
42,42,105,0.005,7.854
42,42,112,0.004,2.727
42,42,119,0.005,2.972
42,42,126,0.004,0.506
42,42,133,0.005,3.886
42,42,140,0.003,1.593
42,42,147,0.003,1.919
42,42,154,0.004,0.734
42,42,161,0.002,2.984
42,42,168,0.003,2.074
42,42,175,0.002,1.67
42,49,0,0.002,2.162
42,49,7,0.004,3.044
42,49,14,0.002,1.203
42,49,21,0.005,1.038
42,49,28,0.004,5.194
42,49,35,0.003,2.658
42,49,42,0.004,1.239
42,49,49,0.003,1.306
42,49,56,0.004,2.459
42,49,63,0.005,2.175
42,49,70,0.004,2.357
42,49,77,0.005,1.87
42,49,84,0.005,2.417
42,49,91,0.004,2.536
42,49,98,0.005,5.72
42,49,105,0.003,2.769
42,49,112,0.005,0.729
42,49,119,0.005,2.728
42,49,126,0.004,3.578
42,49,133,0.004,6.418
42,49,140,0.004,4.346
42,49,147,0.003,1.344
42,49,154,0.002,4.939
42,49,161,0.004,1.624
42,49,168,0.003,2.039
42,49,175,0.003,1.53
42,56,0,0.003,1.91
42,56,7,0.004,1.711
42,56,14,0.003,5.82
42,56,21,0.004,2.7
42,56,28,0.002,0.863
42,56,35,0.003,4.433
42,56,42,0.003,0.886
42,56,49,0.003,2.878
42,56,56,0.004,2.552
42,56,63,0.003,1.501
42,56,70,0.004,3.404
42,56,77,0.004,3.057
42,56,84,0.004,1.715
42,56,91,0.003,2.06
42,56,98,0.003,2.544
42,56,105,0.001,2.876
42,56,112,0.004,2.854
42,56,119,0.003,2.808
42,56,126,0.004,3.303
42,56,133,0.002,2.554
42,56,140,0.004,2.132
42,56,147,0.004,2.527
42,56,154,0.002,1.221
42,56,161,0.003,2.719
42,56,168,0.004,2.211
42,56,175,0.004,2.438
42,63,0,0.003,4.452
42,63,7,0.003,2.161
42,63,14,0.003,3.31
42,63,21,0.003,2.704
42,63,28,0.004,0.525
42,63,35,0.004,2.538
42,63,42,0.004,5.386
42,63,49,0.004,1.921
42,63,56,0.003,2.129
42,63,63,0.003,5.45
42,63,70,0.004,3.071
42,63,77,0.003,2.466
42,63,84,0.003,3.51
42,63,91,0.004,0.986
42,63,98,0.003,3.411
42,63,105,0.003,2.969
42,63,112,0.003,1.868
42,63,119,0.003,2.031
42,63,126,0.004,2.167
42,63,133,0.002,5.732
42,63,140,0.002,2.61
42,63,147,0.003,1.289
42,63,154,0.002,2.318
42,63,161,0.003,1.413
42,63,168,0.003,0.823
42,63,175,0.003,3.389
42,70,0,0.003,3.968
42,70,7,0.003,1.435
42,70,14,0.003,2.724
42,70,21,0.003,3.322
42,70,28,0.003,4.664
42,70,35,0.003,2.63
42,70,42,0.004,1.973
42,70,49,0.003,8.065
42,70,56,0.003,1.74
42,70,63,0.002,1.517
42,70,70,0.003,1.803
42,70,77,0.004,2.756
42,70,84,0.003,7.416
42,70,91,0.004,5.039
42,70,98,0.003,1.641
42,70,105,0.003,2.498
42,70,112,0.003,5.898
42,70,119,0.003,6.552
42,70,126,0.003,0.941
42,70,133,0.004,4.288
42,70,140,0.003,6.654
42,70,147,0.003,3.78
42,70,154,0.003,3.48
42,70,161,0.003,2.789
42,70,168,0.003,2.039
42,70,175,0.003,3.215
42,77,0,0.003,7.19
42,77,7,0.003,0.765
42,77,14,0.002,7.011
42,77,21,0.004,6.558
42,77,28,0.003,1.685
42,77,35,0.003,6.927
42,77,42,0.004,2.853
42,77,49,0.002,8.573
42,77,56,0.003,2.162
42,77,63,0.004,1.249
42,77,70,0.003,3.487
42,77,77,0.003,8.345
42,77,84,0.003,3.228
42,77,91,0.003,6.525
42,77,98,0.003,7.077
42,77,105,0.003,1.649
42,77,112,0.003,0.917
42,77,119,0.004,5.261
42,77,126,0.003,9.592
42,77,133,0.002,4.301
42,77,140,0.003,6.985
42,77,147,0.002,11.254
42,77,154,0.002,7.417
42,77,161,0.003,3.865
42,77,168,0.003,3.426
42,77,175,0.003,1.376
42,84,0,0.004,4.952
42,84,7,0.003,16.592
42,84,14,0.003,5.981
42,84,21,0.006,22.563
42,84,28,0.003,3.747
42,84,35,0.004,12.665
42,84,42,0.005,1.996
42,84,49,0.004,8.63
42,84,56,0.003,2.979
42,84,63,0.004,3.762
42,84,70,0.004,11.006
42,84,77,0.004,14.756
42,84,84,0.006,3.619
42,84,91,0.003,4.345
42,84,98,0.003,1.845
42,84,105,0.004,5.245
42,84,112,0.003,15.35
42,84,119,0.003,7.963
42,84,126,0.003,6.363
42,84,133,0.004,6.462
42,84,140,0.002,2.507
42,84,147,0.005,20.078
42,84,154,0.005,4.576
42,84,161,0.004,23.157
42,84,168,0.004,1.608
42,84,175,0.005,3.548
49,0,0,0.0,10.756
49,0,7,0.0,18.15
49,0,14,0.0,8.712
49,0,21,0.0,9.957
49,0,28,0.321,0.984
49,0,35,0.276,0.75
49,0,42,0.249,0.061
49,0,49,0.236,10.401
49,0,56,0.278,0.475
49,0,63,0.0,0.39
49,0,70,0.248,0.748
49,0,77,0.228,0.446
49,0,84,0.0,8.793
49,0,91,0.071,12.338
49,0,98,0.0,19.673
49,0,105,0.0,13.442
49,0,112,0.272,12.341
49,0,119,0.314,7.975
49,0,126,0.25,0.963
49,0,133,0.0,11.648
49,0,140,0.0,0.741
49,0,147,0.282,3.545
49,0,154,0.353,3.539
49,0,161,0.0,1.375
49,0,168,0.274,10.671
49,0,175,0.0,7.993
49,7,0,0.001,6.469
49,7,7,0.078,4.302
49,7,14,0.002,4.589
49,7,21,0.007,5.357
49,7,28,0.021,7.003
49,7,35,0.001,6.108
49,7,42,0.022,5.955
49,7,49,0.003,5.057
49,7,56,0.019,4.82
49,7,63,0.256,7.04
49,7,70,0.015,10.0
49,7,77,0.001,8.856
49,7,84,0.002,7.002
49,7,91,0.007,4.306
49,7,98,0.025,9.179
49,7,105,0.37,17.242
49,7,112,0.035,6.847
49,7,119,0.005,5.732
49,7,126,0.002,5.025
49,7,133,0.003,7.055
49,7,140,0.02,8.611
49,7,147,0.002,7.0
49,7,154,0.015,4.028
49,7,161,0.017,4.857
49,7,168,0.109,7.0
49,7,175,0.633,11.526
49,14,0,0.0,7.197
49,14,7,0.001,9.154
49,14,14,0.001,5.479
49,14,21,0.004,3.39
49,14,28,0.003,2.931
49,14,35,0.004,1.854
49,14,42,0.002,9.325
49,14,49,0.004,5.735
49,14,56,0.002,1.557
49,14,63,0.003,6.988
49,14,70,0.012,5.52
49,14,77,0.001,10.06
49,14,84,0.001,8.098
49,14,91,0.001,10.087
49,14,98,0.001,2.75
49,14,105,0.001,14.098
49,14,112,0.02,9.848
49,14,119,0.003,9.75
49,14,126,0.017,9.622
49,14,133,0.001,10.631
49,14,140,0.001,3.908
49,14,147,0.001,9.343
49,14,154,0.003,5.398
49,14,161,0.001,6.581
49,14,168,0.001,9.66
49,14,175,0.001,9.159
49,21,0,0.002,1.432
49,21,7,0.004,3.797
49,21,14,0.001,1.991
49,21,21,0.003,3.927
49,21,28,0.002,9.27
49,21,35,0.012,4.096
49,21,42,0.001,6.367
49,21,49,0.007,2.531
49,21,56,0.001,6.139
49,21,63,0.01,2.909
49,21,70,0.002,4.546
49,21,77,0.001,7.711
49,21,84,0.014,1.582
49,21,91,0.009,4.109
49,21,98,0.015,3.422
49,21,105,0.014,6.554
49,21,112,0.004,2.484
49,21,119,0.01,3.946
49,21,126,0.001,4.196
49,21,133,0.001,10.603
49,21,140,0.002,6.666
49,21,147,0.008,4.815
49,21,154,0.003,13.27
49,21,161,0.001,14.379
49,21,168,0.005,0.83
49,21,175,0.011,3.287
49,28,0,0.004,2.389
49,28,7,0.003,4.987
49,28,14,0.008,8.018
49,28,21,0.009,6.2
49,28,28,0.002,2.139
49,28,35,0.009,6.476
49,28,42,0.006,4.807
49,28,49,0.002,4.087
49,28,56,0.008,3.023
49,28,63,0.001,1.316
49,28,70,0.003,2.968
49,28,77,0.005,2.416
49,28,84,0.004,5.171
49,28,91,0.001,2.205
49,28,98,0.01,4.778
49,28,105,0.011,7.311
49,28,112,0.001,2.561
49,28,119,0.01,3.336
49,28,126,0.007,4.727
49,28,133,0.001,2.861
49,28,140,0.003,2.953
49,28,147,0.009,1.414
49,28,154,0.003,8.679
49,28,161,0.006,3.693
49,28,168,0.009,2.577
49,28,175,0.005,6.011
49,35,0,0.006,3.837
49,35,7,0.008,1.031
49,35,14,0.006,3.945
49,35,21,0.007,5.282
49,35,28,0.004,7.604
49,35,35,0.0,2.81
49,35,42,0.006,0.559
49,35,49,0.006,5.963
49,35,56,0.004,5.311
49,35,63,0.005,1.751
49,35,70,0.006,2.642
49,35,77,0.007,3.048
49,35,84,0.006,2.097
49,35,91,0.002,5.523
49,35,98,0.005,1.547
49,35,105,0.003,1.157
49,35,112,0.006,4.745
49,35,119,0.005,2.193
49,35,126,0.003,2.056
49,35,133,0.004,3.572
49,35,140,0.007,1.933
49,35,147,0.001,3.006
49,35,154,0.007,2.903
49,35,161,0.003,1.464
49,35,168,0.003,3.264
49,35,175,0.004,1.969
49,42,0,0.004,2.025
49,42,7,0.006,4.186
49,42,14,0.003,3.78
49,42,21,0.007,6.396
49,42,28,0.007,3.91
49,42,35,0.003,2.964
49,42,42,0.006,5.481
49,42,49,0.005,2.238
49,42,56,0.006,4.8
49,42,63,0.006,4.216
49,42,70,0.003,1.567
49,42,77,0.006,3.739
49,42,84,0.006,2.056
49,42,91,0.005,1.685
49,42,98,0.006,2.424
49,42,105,0.007,2.694
49,42,112,0.004,2.391
49,42,119,0.005,2.011
49,42,126,0.003,2.007
49,42,133,0.002,6.346
49,42,140,0.002,0.872
49,42,147,0.005,3.206
49,42,154,0.004,2.397
49,42,161,0.002,6.217
49,42,168,0.006,4.77
49,42,175,0.005,1.017
49,49,0,0.005,2.787
49,49,7,0.005,2.425
49,49,14,0.005,2.873
49,49,21,0.003,3.224
49,49,28,0.003,2.157
49,49,35,0.004,4.599
49,49,42,0.004,1.388
49,49,49,0.003,1.111
49,49,56,0.003,2.035
49,49,63,0.004,3.732
49,49,70,0.005,4.671
49,49,77,0.005,1.884
49,49,84,0.005,1.691
49,49,91,0.004,1.718
49,49,98,0.005,1.621
49,49,105,0.003,2.761
49,49,112,0.003,2.992
49,49,119,0.005,2.093
49,49,126,0.005,1.836
49,49,133,0.006,2.001
49,49,140,0.005,1.153
49,49,147,0.002,2.02
49,49,154,0.006,3.926
49,49,161,0.003,5.013
49,49,168,0.005,1.474
49,49,175,0.004,4.019
49,56,0,0.004,2.138
49,56,7,0.003,6.625
49,56,14,0.004,2.391
49,56,21,0.004,1.538
49,56,28,0.004,1.669
49,56,35,0.004,4.75
49,56,42,0.005,3.306
49,56,49,0.002,7.482
49,56,56,0.004,2.238
49,56,63,0.004,4.222
49,56,70,0.004,4.315
49,56,77,0.005,0.74
49,56,84,0.004,2.093
49,56,91,0.005,1.218
49,56,98,0.003,3.339
49,56,105,0.004,1.287
49,56,112,0.002,3.984
49,56,119,0.004,1.742
49,56,126,0.004,4.263
49,56,133,0.004,2.999
49,56,140,0.002,4.136
49,56,147,0.004,3.157
49,56,154,0.004,2.998
49,56,161,0.005,0.881
49,56,168,0.003,1.092
49,56,175,0.003,4.198
49,63,0,0.004,4.499
49,63,7,0.003,1.655
49,63,14,0.003,2.367
49,63,21,0.002,2.489
49,63,28,0.004,2.167
49,63,35,0.003,3.281
49,63,42,0.003,1.971
49,63,49,0.003,1.997
49,63,56,0.004,1.231
49,63,63,0.002,2.047
49,63,70,0.002,2.681
49,63,77,0.003,2.85
49,63,84,0.003,2.504
49,63,91,0.003,4.334
49,63,98,0.003,1.79
49,63,105,0.002,1.232
49,63,112,0.004,4.734
49,63,119,0.002,4.294
49,63,126,0.004,1.261
49,63,133,0.004,0.916
49,63,140,0.004,2.123
49,63,147,0.004,2.563
49,63,154,0.004,2.144
49,63,161,0.004,2.682
49,63,168,0.004,1.635
49,63,175,0.004,3.77
49,70,0,0.004,3.926
49,70,7,0.003,4.353
49,70,14,0.003,2.958
49,70,21,0.003,2.805
49,70,28,0.003,2.926
49,70,35,0.003,3.843
49,70,42,0.003,4.369
49,70,49,0.003,2.194
49,70,56,0.003,6.845
49,70,63,0.004,4.286
49,70,70,0.003,6.674
49,70,77,0.003,5.512
49,70,84,0.002,5.06
49,70,91,0.002,2.845
49,70,98,0.003,3.65
49,70,105,0.003,1.969
49,70,112,0.003,1.818
49,70,119,0.003,6.157
49,70,126,0.003,0.901
49,70,133,0.002,1.762
49,70,140,0.003,1.225
49,70,147,0.003,3.13
49,70,154,0.003,0.544
49,70,161,0.003,2.045
49,70,168,0.003,0.76
49,70,175,0.002,1.35
49,77,0,0.002,3.934
49,77,7,0.002,5.121
49,77,14,0.003,7.017
49,77,21,0.004,1.598
49,77,28,0.003,2.872
49,77,35,0.003,2.307
49,77,42,0.003,4.832
49,77,49,0.003,7.733
49,77,56,0.003,1.643
49,77,63,0.004,3.542
49,77,70,0.003,1.182
49,77,77,0.003,1.755
49,77,84,0.004,1.974
49,77,91,0.004,3.009
49,77,98,0.003,5.993
49,77,105,0.003,1.967
49,77,112,0.004,2.416
49,77,119,0.003,8.469
49,77,126,0.003,1.382
49,77,133,0.003,2.664
49,77,140,0.003,1.052
49,77,147,0.003,4.936
49,77,154,0.004,1.754
49,77,161,0.003,12.291
49,77,168,0.003,2.755
49,77,175,0.004,3.744
49,84,0,0.002,4.42
49,84,7,0.003,4.808
49,84,14,0.004,9.684
49,84,21,0.005,7.246
49,84,28,0.004,5.073
49,84,35,0.003,16.116
49,84,42,0.004,2.578
49,84,49,0.002,2.306
49,84,56,0.003,3.844
49,84,63,0.005,7.953
49,84,70,0.003,7.7
49,84,77,0.003,7.291
49,84,84,0.003,6.202
49,84,91,0.003,7.735
49,84,98,0.003,10.256
49,84,105,0.005,2.485
49,84,112,0.004,7.927
49,84,119,0.002,8.634
49,84,126,0.003,0.775
49,84,133,0.003,4.158
49,84,140,0.003,12.845
49,84,147,0.003,10.636
49,84,154,0.003,6.172
49,84,161,0.002,13.035
49,84,168,0.003,2.643
49,84,175,0.005,3.625
56,0,0,0.0,16.527
56,0,7,0.212,16.929
56,0,14,0.277,12.654
56,0,21,0.0,14.559
56,0,28,0.0,13.568
56,0,35,0.0,0.302
56,0,42,0.258,0.418
56,0,49,0.264,13.477
56,0,56,0.0,9.941
56,0,63,0.0,12.335
56,0,70,0.242,0.972
56,0,77,0.0,4.042
56,0,84,0.0,8.062
56,0,91,0.0,7.616
56,0,98,0.263,0.461
56,0,105,0.0,9.762
56,0,112,0.0,0.245
56,0,119,0.276,15.502
56,0,126,0.0,8.441
56,0,133,0.199,8.772
56,0,140,0.0,10.529
56,0,147,0.0,8.045
56,0,154,0.285,11.401
56,0,161,0.247,12.872
56,0,168,0.0,0.313
56,0,175,0.0,11.744
56,7,0,0.0,7.212
56,7,7,0.999,6.55
56,7,14,0.218,8.379
56,7,21,0.002,4.848
56,7,28,0.003,3.654
56,7,35,0.016,3.739
56,7,42,0.061,9.252
56,7,49,0.001,4.159
56,7,56,0.01,6.747
56,7,63,0.017,8.546
56,7,70,0.003,4.586
56,7,77,0.027,1.9
56,7,84,0.001,2.485
56,7,91,0.008,6.903
56,7,98,0.003,6.965
56,7,105,0.177,4.438
56,7,112,0.034,6.753
56,7,119,0.355,10.177
56,7,126,0.003,3.311
56,7,133,0.002,7.0
56,7,140,1.289,6.569
56,7,147,0.012,3.202
56,7,154,0.005,6.58
56,7,161,0.437,2.968
56,7,168,0.021,7.908
56,7,175,1.97,8.85
56,14,0,0.0,8.178
56,14,7,0.001,3.029
56,14,14,0.001,8.054
56,14,21,5.185,4.317
56,14,28,0.008,8.582
56,14,35,0.006,7.747
56,14,42,0.002,7.701
56,14,49,0.004,6.798
56,14,56,0.006,6.294
56,14,63,0.004,6.542
56,14,70,0.021,2.687
56,14,77,0.002,2.287
56,14,84,0.001,3.909
56,14,91,0.002,3.882
56,14,98,0.003,6.349
56,14,105,0.003,7.417
56,14,112,0.013,3.575
56,14,119,0.001,2.404
56,14,126,0.01,3.056
56,14,133,0.003,3.19
56,14,140,0.002,8.494
56,14,147,0.003,8.651
56,14,154,0.003,7.819
56,14,161,0.009,8.414
56,14,168,0.001,6.166
56,14,175,0.003,7.57
56,21,0,0.002,3.398
56,21,7,0.001,6.248
56,21,14,0.008,10.191
56,21,21,0.016,3.458
56,21,28,0.003,11.867
56,21,35,0.006,4.305
56,21,42,0.008,7.514
56,21,49,0.002,5.701
56,21,56,0.002,7.414
56,21,63,0.001,2.976
56,21,70,0.002,8.028
56,21,77,0.001,2.69
56,21,84,0.015,4.841
56,21,91,0.009,12.36
56,21,98,0.016,2.707
56,21,105,0.004,0.395
56,21,112,0.013,12.022
56,21,119,0.004,5.544
56,21,126,0.001,1.477
56,21,133,0.002,12.103
56,21,140,0.014,5.787
56,21,147,0.006,4.316
56,21,154,0.003,6.403
56,21,161,0.012,7.207
56,21,168,0.007,6.975
56,21,175,0.003,2.101
56,28,0,0.001,1.535
56,28,7,0.004,2.039
56,28,14,0.012,3.434
56,28,21,0.002,3.523
56,28,28,0.007,2.373
56,28,35,0.003,4.019
56,28,42,0.003,0.829
56,28,49,0.002,2.274
56,28,56,0.009,10.032
56,28,63,0.003,1.853
56,28,70,0.005,4.445
56,28,77,0.004,2.042
56,28,84,0.005,8.824
56,28,91,0.006,4.546
56,28,98,0.011,1.528
56,28,105,0.012,1.797
56,28,112,0.003,3.16
56,28,119,0.013,14.847
56,28,126,0.007,3.417
56,28,133,0.004,8.476
56,28,140,0.007,12.783
56,28,147,0.012,1.265
56,28,154,0.007,3.722
56,28,161,0.003,4.538
56,28,168,0.011,6.947
56,28,175,0.01,3.053
56,35,0,0.007,2.13
56,35,7,0.005,3.045
56,35,14,0.01,3.565
56,35,21,0.009,1.359
56,35,28,0.008,3.215
56,35,35,0.007,2.802
56,35,42,0.006,2.009
56,35,49,0.006,2.35
56,35,56,0.008,2.457
56,35,63,0.007,3.073
56,35,70,0.009,2.623
56,35,77,0.008,4.721
56,35,84,0.002,4.619
56,35,91,0.007,2.59
56,35,98,0.008,3.621
56,35,105,0.005,4.131
56,35,112,0.001,2.19
56,35,119,0.002,3.082
56,35,126,0.005,8.587
56,35,133,0.007,2.9
56,35,140,0.007,2.776
56,35,147,0.005,4.377
56,35,154,0.008,3.041
56,35,161,0.007,3.371
56,35,168,0.001,2.826
56,35,175,0.002,3.352
56,42,0,0.005,2.139
56,42,7,0.008,3.291
56,42,14,0.003,3.059
56,42,21,0.004,2.556
56,42,28,0.003,2.463
56,42,35,0.006,0.763
56,42,42,0.006,3.28
56,42,49,0.007,0.914
56,42,56,0.008,1.908
56,42,63,0.004,1.777
56,42,70,0.005,2.228
56,42,77,0.007,4.107
56,42,84,0.004,0.35
56,42,91,0.001,2.669
56,42,98,0.006,5.92
56,42,105,0.007,1.35
56,42,112,0.006,0.609
56,42,119,0.008,2.412
56,42,126,0.007,3.631
56,42,133,0.004,4.415
56,42,140,0.006,3.079
56,42,147,0.007,5.075
56,42,154,0.006,4.505
56,42,161,0.004,1.69
56,42,168,0.004,5.412
56,42,175,0.007,0.784
56,49,0,0.004,1.854
56,49,7,0.006,4.206
56,49,14,0.002,0.616
56,49,21,0.004,3.162
56,49,28,0.004,2.785
56,49,35,0.006,0.562
56,49,42,0.005,4.086
56,49,49,0.006,1.343
56,49,56,0.006,2.583
56,49,63,0.005,0.639
56,49,70,0.004,1.949
56,49,77,0.006,2.089
56,49,84,0.007,3.552
56,49,91,0.004,5.158
56,49,98,0.005,3.065
56,49,105,0.005,3.118
56,49,112,0.006,3.912
56,49,119,0.003,1.948
56,49,126,0.006,4.399
56,49,133,0.005,1.187
56,49,140,0.006,2.356
56,49,147,0.005,1.669
56,49,154,0.004,3.529
56,49,161,0.005,3.699
56,49,168,0.004,1.97
56,49,175,0.004,1.982
56,56,0,0.004,2.378
56,56,7,0.003,1.437
56,56,14,0.004,1.714
56,56,21,0.003,6.106
56,56,28,0.005,2.052
56,56,35,0.004,1.893
56,56,42,0.004,2.584
56,56,49,0.004,0.931
56,56,56,0.004,1.796
56,56,63,0.004,2.311
56,56,70,0.005,4.775
56,56,77,0.004,3.504
56,56,84,0.005,5.409
56,56,91,0.004,2.857
56,56,98,0.004,1.76
56,56,105,0.003,3.155
56,56,112,0.005,0.648
56,56,119,0.004,3.334
56,56,126,0.004,2.964
56,56,133,0.003,5.705
56,56,140,0.005,0.534
56,56,147,0.003,1.863
56,56,154,0.004,2.552
56,56,161,0.004,2.736
56,56,168,0.004,2.295
56,56,175,0.005,3.26
56,63,0,0.004,2.457
56,63,7,0.004,0.101
56,63,14,0.005,4.484
56,63,21,0.004,2.36
56,63,28,0.004,3.003
56,63,35,0.004,6.125
56,63,42,0.004,3.482
56,63,49,0.004,1.971
56,63,56,0.004,1.842
56,63,63,0.004,2.363
56,63,70,0.003,0.465
56,63,77,0.004,3.957
56,63,84,0.005,4.442
56,63,91,0.004,2.125
56,63,98,0.004,2.239
56,63,105,0.004,0.319
56,63,112,0.003,3.474
56,63,119,0.004,1.427
56,63,126,0.003,4.308
56,63,133,0.004,1.749
56,63,140,0.004,2.744
56,63,147,0.004,2.151
56,63,154,0.004,2.163
56,63,161,0.004,1.392
56,63,168,0.004,3.713
56,63,175,0.004,1.063
56,70,0,0.003,2.759
56,70,7,0.003,3.624
56,70,14,0.003,0.916
56,70,21,0.003,4.76
56,70,28,0.003,3.698
56,70,35,0.003,3.795
56,70,42,0.004,3.104
56,70,49,0.003,5.246
56,70,56,0.003,3.075
56,70,63,0.003,0.774
56,70,70,0.004,3.08
56,70,77,0.003,3.216
56,70,84,0.004,2.141
56,70,91,0.003,0.942
56,70,98,0.003,3.299
56,70,105,0.002,2.455
56,70,112,0.004,5.674
56,70,119,0.003,3.347
56,70,126,0.003,3.952
56,70,133,0.004,0.99
56,70,140,0.003,4.803
56,70,147,0.004,5.649
56,70,154,0.002,3.008
56,70,161,0.003,2.484
56,70,168,0.003,12.417
56,70,175,0.003,1.993
56,77,0,0.003,1.727
56,77,7,0.003,11.659
56,77,14,0.002,0.955
56,77,21,0.003,5.165
56,77,28,0.003,3.29
56,77,35,0.002,4.196
56,77,42,0.004,7.721
56,77,49,0.003,2.327
56,77,56,0.003,1.681
56,77,63,0.003,1.777
56,77,70,0.003,2.36
56,77,77,0.002,5.346
56,77,84,0.005,0.593
56,77,91,0.003,0.994
56,77,98,0.003,3.363
56,77,105,0.004,4.828
56,77,112,0.003,2.446
56,77,119,0.003,8.065
56,77,126,0.003,4.048
56,77,133,0.003,1.901
56,77,140,0.003,1.529
56,77,147,0.003,2.959
56,77,154,0.003,1.648
56,77,161,0.003,2.606
56,77,168,0.003,6.109
56,77,175,0.005,2.728
56,84,0,0.003,28.14
56,84,7,0.003,2.921
56,84,14,0.003,4.177
56,84,21,0.003,2.797
56,84,28,0.003,2.781
56,84,35,0.003,2.245
56,84,42,0.004,3.475
56,84,49,0.003,1.628
56,84,56,0.004,7.097
56,84,63,0.003,2.458
56,84,70,0.002,5.465
56,84,77,0.003,14.952
56,84,84,0.004,13.685
56,84,91,0.004,2.668
56,84,98,0.003,3.364
56,84,105,0.003,20.228
56,84,112,0.005,6.391
56,84,119,0.003,6.444
56,84,126,0.003,24.866
56,84,133,0.003,3.573
56,84,140,0.003,5.575
56,84,147,0.003,20.105
56,84,154,0.002,13.172
56,84,161,0.004,10.036
56,84,168,0.003,3.971
56,84,175,0.004,5.815
63,0,0,0.0,21.095
63,0,7,0.0,9.828
63,0,14,0.0,1.781
63,0,21,0.0,0.223
63,0,28,0.0,8.917
63,0,35,0.276,6.108
63,0,42,0.255,1.677
63,0,49,0.277,4.519
63,0,56,0.263,0.693
63,0,63,0.19,3.348
63,0,70,0.0,14.918
63,0,77,0.0,12.026
63,0,84,0.118,16.236
63,0,91,0.0,9.266
63,0,98,0.295,11.972
63,0,105,0.272,18.058
63,0,112,0.194,14.838
63,0,119,0.0,1.762
63,0,126,0.0,9.594
63,0,133,0.0,3.24
63,0,140,0.0,15.424
63,0,147,0.269,8.561
63,0,154,0.0,3.919
63,0,161,0.22,7.813
63,0,168,0.272,5.039
63,0,175,0.219,6.911
63,7,0,0.012,3.017
63,7,7,0.004,7.49
63,7,14,0.011,14.2
63,7,21,0.004,6.883
63,7,28,0.002,4.822
63,7,35,0.026,1.208
63,7,42,0.004,12.81
63,7,49,0.002,2.514
63,7,56,0.012,8.16
63,7,63,0.003,2.908
63,7,70,0.008,6.124
63,7,77,0.002,1.56
63,7,84,0.008,3.451
63,7,91,0.005,9.335
63,7,98,0.002,7.719
63,7,105,0.002,7.132
63,7,112,0.003,7.0
63,7,119,0.009,5.524
63,7,126,0.008,4.941
63,7,133,0.02,7.029
63,7,140,0.011,3.203
63,7,147,0.004,3.195
63,7,154,0.004,5.956
63,7,161,0.007,5.671
63,7,168,0.06,6.478
63,7,175,0.707,7.02
63,14,0,0.0,6.303
63,14,7,0.006,7.299
63,14,14,0.002,4.428
63,14,21,0.01,2.777
63,14,28,0.004,5.758
63,14,35,0.017,6.317
63,14,42,0.003,5.719
63,14,49,0.001,1.983
63,14,56,0.005,7.839
63,14,63,0.002,6.627
63,14,70,0.024,10.944
63,14,77,0.001,6.094
63,14,84,0.005,12.393
63,14,91,0.002,7.38
63,14,98,0.001,8.034
63,14,105,0.002,4.551
63,14,112,0.016,6.261
63,14,119,0.006,2.14
63,14,126,0.022,6.61
63,14,133,0.002,6.379
63,14,140,0.001,13.739
63,14,147,0.003,5.239
63,14,154,0.007,8.315
63,14,161,0.003,8.193
63,14,168,0.001,8.085
63,14,175,0.004,10.686
63,21,0,0.006,3.443
63,21,7,0.002,4.148
63,21,14,0.002,3.639
63,21,21,0.013,7.986
63,21,28,0.001,9.597
63,21,35,0.001,1.275
63,21,42,0.017,4.386
63,21,49,0.011,1.632
63,21,56,0.003,5.175
63,21,63,0.006,4.025
63,21,70,0.01,9.468
63,21,77,0.005,9.438
63,21,84,0.011,4.646
63,21,91,0.008,1.631
63,21,98,0.022,1.362
63,21,105,0.013,4.282
63,21,112,0.002,1.824
63,21,119,0.004,5.563
63,21,126,0.002,9.016
63,21,133,0.001,5.28
63,21,140,0.006,9.772
63,21,147,0.014,8.24
63,21,154,0.015,2.027
63,21,161,0.004,7.171
63,21,168,0.005,2.26
63,21,175,0.003,5.879
63,28,0,0.001,9.105
63,28,7,0.017,4.927
63,28,14,0.005,2.24
63,28,21,0.002,11.528
63,28,28,0.001,10.317
63,28,35,0.008,5.355
63,28,42,0.01,9.012
63,28,49,0.009,1.98
63,28,56,0.014,2.656
63,28,63,0.001,2.722
63,28,70,0.01,3.096
63,28,77,0.015,12.969
63,28,84,0.001,5.916
63,28,91,0.002,5.07
63,28,98,0.011,5.627
63,28,105,0.008,4.534
63,28,112,0.007,4.065
63,28,119,0.008,2.918
63,28,126,0.009,6.573
63,28,133,0.004,4.471
63,28,140,0.006,1.083
63,28,147,0.004,0.775
63,28,154,0.007,3.183
63,28,161,0.009,12.974
63,28,168,0.014,12.24
63,28,175,0.008,3.817
63,35,0,0.005,1.529
63,35,7,0.008,4.794
63,35,14,0.007,4.79
63,35,21,0.011,3.428
63,35,28,0.012,2.669
63,35,35,0.005,2.834
63,35,42,0.009,2.541
63,35,49,0.001,4.875
63,35,56,0.002,1.607
63,35,63,0.004,2.156
63,35,70,0.012,6.39
63,35,77,0.008,3.926
63,35,84,0.009,11.284
63,35,91,0.003,4.939
63,35,98,0.013,2.099
63,35,105,0.008,1.917
63,35,112,0.01,1.777
63,35,119,0.01,3.414
63,35,126,0.008,3.652
63,35,133,0.004,7.909
63,35,140,0.013,4.669
63,35,147,0.005,5.66
63,35,154,0.012,0.994
63,35,161,0.011,7.31
63,35,168,0.001,5.817
63,35,175,0.007,2.696
63,42,0,0.003,0.749
63,42,7,0.009,7.744
63,42,14,0.01,3.363
63,42,21,0.009,9.214
63,42,28,0.007,2.997
63,42,35,0.005,3.127
63,42,42,0.009,1.386
63,42,49,0.007,4.664
63,42,56,0.005,4.334
63,42,63,0.007,2.267
63,42,70,0.008,3.577
63,42,77,0.006,6.843
63,42,84,0.005,1.019
63,42,91,0.005,5.984
63,42,98,0.01,8.059
63,42,105,0.01,3.591
63,42,112,0.009,4.389
63,42,119,0.005,3.592
63,42,126,0.003,2.291
63,42,133,0.005,7.063
63,42,140,0.004,4.467
63,42,147,0.007,4.208
63,42,154,0.008,5.767
63,42,161,0.004,3.111
63,42,168,0.008,0.826
63,42,175,0.006,2.529
63,49,0,0.003,2.194
63,49,7,0.008,2.494
63,49,14,0.008,2.595
63,49,21,0.008,2.794
63,49,28,0.008,4.062
63,49,35,0.006,2.637
63,49,42,0.004,1.459
63,49,49,0.008,5.176
63,49,56,0.006,3.239
63,49,63,0.007,1.049
63,49,70,0.008,2.969
63,49,77,0.008,1.092
63,49,84,0.008,2.012
63,49,91,0.007,3.104
63,49,98,0.008,8.608
63,49,105,0.006,4.574
63,49,112,0.005,0.809
63,49,119,0.007,2.545
63,49,126,0.005,1.733
63,49,133,0.007,1.843
63,49,140,0.006,1.251
63,49,147,0.007,5.194
63,49,154,0.008,1.005
63,49,161,0.004,0.863
63,49,168,0.007,2.916
63,49,175,0.006,1.978
63,56,0,0.004,4.531
63,56,7,0.007,0.987
63,56,14,0.005,2.819
63,56,21,0.004,3.668
63,56,28,0.003,1.499
63,56,35,0.003,2.229
63,56,42,0.002,3.829
63,56,49,0.006,1.532
63,56,56,0.005,2.21
63,56,63,0.006,3.753
63,56,70,0.005,1.147
63,56,77,0.006,1.804
63,56,84,0.005,4.781
63,56,91,0.006,3.496
63,56,98,0.005,2.511
63,56,105,0.005,3.99
63,56,112,0.006,5.393
63,56,119,0.005,1.237
63,56,126,0.006,1.359
63,56,133,0.005,3.168
63,56,140,0.004,3.042
63,56,147,0.005,3.195
63,56,154,0.007,3.587
63,56,161,0.006,3.571
63,56,168,0.004,1.229
63,56,175,0.006,1.219
63,63,0,0.004,3.334
63,63,7,0.005,4.009
63,63,14,0.005,2.934
63,63,21,0.003,3.952
63,63,28,0.004,1.092
63,63,35,0.004,1.775
63,63,42,0.003,2.511
63,63,49,0.003,2.635
63,63,56,0.004,0.652
63,63,63,0.004,4.914
63,63,70,0.004,2.175
63,63,77,0.004,1.195
63,63,84,0.003,3.417
63,63,91,0.005,1.784
63,63,98,0.005,2.717
63,63,105,0.004,3.742
63,63,112,0.005,2.089
63,63,119,0.004,3.745
63,63,126,0.005,4.81
63,63,133,0.004,3.286
63,63,140,0.005,2.06
63,63,147,0.004,2.135
63,63,154,0.004,1.526
63,63,161,0.005,2.238
63,63,168,0.004,3.123
63,63,175,0.003,4.077
63,70,0,0.004,2.142
63,70,7,0.004,3.22
63,70,14,0.004,2.178
63,70,21,0.004,2.641
63,70,28,0.003,2.657
63,70,35,0.004,5.595
63,70,42,0.004,4.595
63,70,49,0.004,2.204
63,70,56,0.003,4.289
63,70,63,0.003,6.717
63,70,70,0.003,1.994
63,70,77,0.003,3.957
63,70,84,0.004,2.902
63,70,91,0.004,3.393
63,70,98,0.003,4.828
63,70,105,0.004,5.449
63,70,112,0.003,1.346
63,70,119,0.004,1.708
63,70,126,0.004,1.177
63,70,133,0.004,3.616
63,70,140,0.004,2.373
63,70,147,0.004,3.653
63,70,154,0.004,1.65
63,70,161,0.002,1.871
63,70,168,0.004,1.371
63,70,175,0.004,4.594
63,77,0,0.003,9.227
63,77,7,0.003,4.678
63,77,14,0.004,4.785
63,77,21,0.003,3.018
63,77,28,0.004,3.466
63,77,35,0.004,1.31
63,77,42,0.004,2.14
63,77,49,0.003,2.485
63,77,56,0.003,9.356
63,77,63,0.004,5.438
63,77,70,0.003,5.678
63,77,77,0.004,7.333
63,77,84,0.004,2.96
63,77,91,0.004,4.345
63,77,98,0.004,1.636
63,77,105,0.004,7.004
63,77,112,0.004,3.592
63,77,119,0.003,6.528
63,77,126,0.003,3.291
63,77,133,0.004,2.779
63,77,140,0.003,1.789
63,77,147,0.003,1.994
63,77,154,0.004,6.302
63,77,161,0.003,3.301
63,77,168,0.003,2.279
63,77,175,0.004,2.702
63,84,0,0.003,9.037
63,84,7,0.003,6.773
63,84,14,0.003,5.596
63,84,21,0.003,5.365
63,84,28,0.003,8.796
63,84,35,0.003,2.87
63,84,42,0.004,13.565
63,84,49,0.003,8.912
63,84,56,0.003,10.289
63,84,63,0.004,15.494
63,84,70,0.003,1.229
63,84,77,0.003,2.581
63,84,84,0.004,12.904
63,84,91,0.003,1.636
63,84,98,0.004,1.494
63,84,105,0.004,5.876
63,84,112,0.004,3.478
63,84,119,0.003,7.486
63,84,126,0.003,4.425
63,84,133,0.003,15.575
63,84,140,0.003,4.251
63,84,147,0.005,11.196
63,84,154,0.004,11.488
63,84,161,0.003,9.601
63,84,168,0.003,7.781
63,84,175,0.003,2.325
70,0,0,0.0,17.532
70,0,7,0.253,9.106
70,0,14,0.0,12.679
70,0,21,0.211,0.765
70,0,28,0.0,15.783
70,0,35,0.0,1.546
70,0,42,0.0,5.662
70,0,49,0.0,0.253
70,0,56,0.0,0.973
70,0,63,0.254,16.562
70,0,70,0.328,9.221
70,0,77,0.0,9.566
70,0,84,0.304,7.639
70,0,91,0.0,3.115
70,0,98,0.243,1.143
70,0,105,0.0,11.071
70,0,112,0.0,8.995
70,0,119,0.0,5.652
70,0,126,0.225,0.809
70,0,133,0.0,13.018
70,0,140,0.0,13.589
70,0,147,0.0,8.39
70,0,154,0.0,14.012
70,0,161,0.0,6.325
70,0,168,0.0,10.319
70,0,175,0.0,4.69
70,7,0,0.023,2.373
70,7,7,0.004,3.839
70,7,14,0.006,12.309
70,7,21,0.005,8.369
70,7,28,0.007,1.667
70,7,35,0.024,7.015
70,7,42,0.967,13.251
70,7,49,0.03,7.779
70,7,56,0.021,7.014
70,7,63,0.533,4.291
70,7,70,0.005,3.478
70,7,77,0.009,7.053
70,7,84,0.015,4.431
70,7,91,0.319,10.268
70,7,98,0.008,8.968
70,7,105,0.006,6.882
70,7,112,0.011,6.015
70,7,119,0.002,3.627
70,7,126,0.005,6.423
70,7,133,0.003,9.503
70,7,140,0.013,2.782
70,7,147,0.059,13.53
70,7,154,0.006,5.507
70,7,161,0.513,10.217
70,7,168,0.127,5.121
70,7,175,0.049,5.122
70,14,0,0.001,1.93
70,14,7,0.003,5.217
70,14,14,0.001,6.445
70,14,21,0.028,9.383
70,14,28,0.004,13.16
70,14,35,0.007,7.34
70,14,42,0.003,10.51
70,14,49,0.002,5.373
70,14,56,0.021,5.96
70,14,63,0.014,11.225
70,14,70,0.036,15.852
70,14,77,0.002,4.855
70,14,84,0.002,5.795
70,14,91,0.002,6.683
70,14,98,0.013,5.206
70,14,105,0.003,5.384
70,14,112,0.028,2.086
70,14,119,0.001,5.039
70,14,126,0.034,7.924
70,14,133,0.003,4.708
70,14,140,0.003,4.828
70,14,147,0.005,4.911
70,14,154,0.035,7.086
70,14,161,0.017,4.933
70,14,168,0.007,11.983
70,14,175,1.303,7.644
70,21,0,0.003,6.621
70,21,7,0.002,2.064
70,21,14,0.012,3.177
70,21,21,0.007,8.1
70,21,28,0.011,8.413
70,21,35,0.022,3.624
70,21,42,0.013,7.774
70,21,49,0.002,5.655
70,21,56,0.001,11.074
70,21,63,0.001,7.858
70,21,70,0.004,7.583
70,21,77,0.002,2.87
70,21,84,0.023,1.494
70,21,91,0.021,8.969
70,21,98,0.027,7.202
70,21,105,0.021,8.588
70,21,112,0.014,10.179
70,21,119,0.012,1.124
70,21,126,0.007,3.55
70,21,133,0.012,3.22
70,21,140,0.003,9.472
70,21,147,0.021,7.96
70,21,154,0.004,7.237
70,21,161,0.011,7.812
70,21,168,0.018,4.8
70,21,175,0.007,4.303
70,28,0,0.006,5.196
70,28,7,0.012,3.223
70,28,14,0.013,9.355
70,28,21,0.017,5.1
70,28,28,0.012,4.323
70,28,35,0.012,0.943
70,28,42,0.005,9.797
70,28,49,0.009,2.473
70,28,56,0.014,9.466
70,28,63,0.007,2.757
70,28,70,0.004,7.716
70,28,77,0.01,6.214
70,28,84,0.0,10.159
70,28,91,0.001,1.534
70,28,98,0.019,2.925
70,28,105,0.022,7.046
70,28,112,0.003,5.652
70,28,119,0.023,3.634
70,28,126,0.009,1.377
70,28,133,0.01,1.49
70,28,140,0.002,9.311
70,28,147,0.014,9.217
70,28,154,0.016,1.427
70,28,161,0.008,4.834
70,28,168,0.018,6.054
70,28,175,0.002,1.084
70,35,0,0.004,6.267
70,35,7,0.015,3.86
70,35,14,0.015,8.739
70,35,21,0.01,11.93
70,35,28,0.014,2.099
70,35,35,0.002,6.901
70,35,42,0.006,1.803
70,35,49,0.009,2.804
70,35,56,0.01,2.797
70,35,63,0.012,2.217
70,35,70,0.012,3.373
70,35,77,0.014,7.073
70,35,84,0.005,12.452
70,35,91,0.008,6.514
70,35,98,0.015,11.916
70,35,105,0.004,1.935
70,35,112,0.008,3.233
70,35,119,0.009,5.731
70,35,126,0.01,12.294
70,35,133,0.01,2.404
70,35,140,0.015,8.043
70,35,147,0.003,4.414
70,35,154,0.007,3.364
70,35,161,0.016,4.461
70,35,168,0.031,6.012
70,35,175,0.008,12.431
70,42,0,0.004,3.204
70,42,7,0.01,3.868
70,42,14,0.006,3.782
70,42,21,0.002,1.665
70,42,28,0.014,1.359
70,42,35,0.006,2.027
70,42,42,0.011,1.508
70,42,49,0.009,1.913
70,42,56,0.009,6.083
70,42,63,0.01,5.483
70,42,70,0.008,3.638
70,42,77,0.011,6.825
70,42,84,0.01,3.58
70,42,91,0.009,1.875
70,42,98,0.012,14.683
70,42,105,0.014,13.278
70,42,112,0.009,1.537
70,42,119,0.009,2.354
70,42,126,0.008,2.805
70,42,133,0.004,5.574
70,42,140,0.008,5.222
70,42,147,0.011,4.608
70,42,154,0.01,5.672
70,42,161,0.011,4.459
70,42,168,0.006,1.539
70,42,175,0.005,8.998
70,49,0,0.001,3.975
70,49,7,0.01,3.119
70,49,14,0.008,2.085
70,49,21,0.008,2.595
70,49,28,0.01,4.953
70,49,35,0.003,1.198
70,49,42,0.005,1.575
70,49,49,0.008,2.442
70,49,56,0.001,2.583
70,49,63,0.008,2.547
70,49,70,0.007,3.06
70,49,77,0.01,1.367
70,49,84,0.009,4.966
70,49,91,0.006,2.532
70,49,98,0.008,4.367
70,49,105,0.008,5.251
70,49,112,0.008,7.072
70,49,119,0.009,4.073
70,49,126,0.009,5.029
70,49,133,0.009,3.596
70,49,140,0.009,3.704
70,49,147,0.005,4.961
70,49,154,0.01,3.88
70,49,161,0.006,2.112
70,49,168,0.007,0.923
70,49,175,0.008,3.336
70,56,0,0.007,1.438
70,56,7,0.007,3.138
70,56,14,0.007,3.356
70,56,21,0.009,9.413
70,56,28,0.007,1.982
70,56,35,0.008,2.883
70,56,42,0.007,4.815
70,56,49,0.006,1.348
70,56,56,0.006,3.699
70,56,63,0.008,1.939
70,56,70,0.008,2.689
70,56,77,0.007,2.957
70,56,84,0.008,1.847
70,56,91,0.009,3.033
70,56,98,0.007,2.954
70,56,105,0.006,2.794
70,56,112,0.007,1.141
70,56,119,0.007,1.945
70,56,126,0.006,0.836
70,56,133,0.009,2.539
70,56,140,0.009,6.072
70,56,147,0.008,5.286
70,56,154,0.005,2.269
70,56,161,0.007,5.336
70,56,168,0.007,5.404
70,56,175,0.005,3.664
70,63,0,0.006,1.318
70,63,7,0.004,2.317
70,63,14,0.007,2.945
70,63,21,0.006,3.923
70,63,28,0.007,5.784
70,63,35,0.006,1.154
70,63,42,0.006,4.553
70,63,49,0.006,3.24
70,63,56,0.006,2.686
70,63,63,0.007,4.928
70,63,70,0.002,3.159
70,63,77,0.005,5.165
70,63,84,0.006,1.834
70,63,91,0.004,4.244
70,63,98,0.006,3.719
70,63,105,0.006,4.247
70,63,112,0.006,3.165
70,63,119,0.006,2.868
70,63,126,0.006,2.797
70,63,133,0.006,2.692
70,63,140,0.006,4.662
70,63,147,0.007,5.14
70,63,154,0.006,3.128
70,63,161,0.006,4.148
70,63,168,0.006,4.951
70,63,175,0.006,1.867
70,70,0,0.005,4.687
70,70,7,0.005,1.001
70,70,14,0.005,1.046
70,70,21,0.005,1.327
70,70,28,0.005,1.05
70,70,35,0.005,4.616
70,70,42,0.006,4.35
70,70,49,0.003,3.38
70,70,56,0.005,5.611
70,70,63,0.005,2.79
70,70,70,0.005,2.517
70,70,77,0.005,2.888
70,70,84,0.005,3.515
70,70,91,0.005,3.215
70,70,98,0.005,3.045
70,70,105,0.005,3.988
70,70,112,0.005,3.393
70,70,119,0.005,2.444
70,70,126,0.005,2.59
70,70,133,0.005,5.822
70,70,140,0.003,2.423
70,70,147,0.005,3.35
70,70,154,0.005,3.562
70,70,161,0.005,2.167
70,70,168,0.006,2.263
70,70,175,0.004,2.921
70,77,0,0.004,8.151
70,77,7,0.004,4.737
70,77,14,0.004,2.576
70,77,21,0.004,1.878
70,77,28,0.005,3.05
70,77,35,0.003,5.082
70,77,42,0.003,3.071
70,77,49,0.005,3.541
70,77,56,0.004,1.158
70,77,63,0.004,2.524
70,77,70,0.005,5.548
70,77,77,0.004,3.997
70,77,84,0.006,3.106
70,77,91,0.005,2.376
70,77,98,0.003,3.488
70,77,105,0.005,1.588
70,77,112,0.004,4.663
70,77,119,0.003,4.898
70,77,126,0.005,0.451
70,77,133,0.004,2.616
70,77,140,0.004,2.312
70,77,147,0.005,2.862
70,77,154,0.004,7.827
70,77,161,0.004,4.03
70,77,168,0.005,3.929
70,77,175,0.004,5.941
70,84,0,0.003,3.371
70,84,7,0.004,0.886
70,84,14,0.004,3.322
70,84,21,0.004,4.428
70,84,28,0.004,4.019
70,84,35,0.004,7.165
70,84,42,0.004,11.943
70,84,49,0.005,1.789
70,84,56,0.004,3.038
70,84,63,0.004,7.184
70,84,70,0.003,8.161
70,84,77,0.004,3.292
70,84,84,0.005,5.441
70,84,91,0.004,6.819
70,84,98,0.004,7.127
70,84,105,0.005,8.705
70,84,112,0.003,5.409
70,84,119,0.004,11.366
70,84,126,0.005,10.273
70,84,133,0.004,5.666
70,84,140,0.005,6.742
70,84,147,0.004,5.744
70,84,154,0.004,9.269
70,84,161,0.003,4.675
70,84,168,0.004,3.681
70,84,175,0.007,12.877
77,0,0,0.0,1.488
77,0,7,0.0,7.017
77,0,14,0.264,14.929
77,0,21,0.0,5.55
77,0,28,0.191,8.839
77,0,35,0.279,4.835
77,0,42,0.22,12.519
77,0,49,0.25,12.435
77,0,56,0.0,9.343
77,0,63,0.0,12.267
77,0,70,0.0,7.797
77,0,77,0.0,6.03
77,0,84,0.287,8.057
77,0,91,0.016,12.983
77,0,98,0.324,4.758
77,0,105,0.0,4.697
77,0,112,0.272,21.253
77,0,119,0.274,19.041
77,0,126,0.26,13.406
77,0,133,0.0,10.947
77,0,140,0.033,7.53
77,0,147,0.0,2.1
77,0,154,0.254,4.67
77,0,161,0.0,3.193
77,0,168,0.0,11.01
77,0,175,0.288,9.08
77,7,0,0.069,4.403
77,7,7,0.018,7.022
77,7,14,0.039,7.029
77,7,21,0.693,3.437
77,7,28,0.008,9.673
77,7,35,1.08,3.511
77,7,42,0.008,7.25
77,7,49,0.025,4.742
77,7,56,0.016,5.513
77,7,63,0.071,8.429
77,7,70,0.027,3.554
77,7,77,0.02,10.836
77,7,84,0.018,6.955
77,7,91,0.007,4.965
77,7,98,0.017,15.478
77,7,105,0.009,6.085
77,7,112,0.012,6.054
77,7,119,0.008,6.354
77,7,126,0.543,5.178
77,7,133,0.008,7.204
77,7,140,0.031,12.587
77,7,147,0.844,2.453
77,7,154,0.692,4.461
77,7,161,0.112,12.602
77,7,168,0.337,3.89
77,7,175,0.163,5.131
77,14,0,0.001,12.401
77,14,7,0.004,7.415
77,14,14,0.002,4.36
77,14,21,0.064,8.111
77,14,28,0.003,8.434
77,14,35,0.031,3.192
77,14,42,0.007,9.674
77,14,49,0.003,8.702
77,14,56,0.027,5.604
77,14,63,0.005,5.163
77,14,70,0.063,6.27
77,14,77,0.004,4.598
77,14,84,0.003,4.454
77,14,91,0.004,3.945
77,14,98,0.004,3.509
77,14,105,0.021,3.396
77,14,112,0.034,8.1
77,14,119,0.004,2.494
77,14,126,0.031,5.51
77,14,133,0.004,4.312
77,14,140,0.003,10.386
77,14,147,0.005,11.576
77,14,154,0.012,3.93
77,14,161,0.022,6.585
77,14,168,0.005,7.239
77,14,175,1.323,10.594
77,21,0,0.023,6.024
77,21,7,0.007,10.535
77,21,14,0.006,8.255
77,21,21,0.03,6.742
77,21,28,0.005,4.802
77,21,35,0.013,4.089
77,21,42,0.021,7.256
77,21,49,0.007,3.348
77,21,56,0.006,6.581
77,21,63,0.001,9.126
77,21,70,0.02,4.745
77,21,77,0.008,4.373
77,21,84,0.039,4.703
77,21,91,0.03,7.937
77,21,98,0.037,6.825
77,21,105,0.011,2.204
77,21,112,0.02,2.227
77,21,119,0.009,3.779
77,21,126,0.002,11.553
77,21,133,0.005,5.773
77,21,140,0.027,5.081
77,21,147,0.039,4.138
77,21,154,0.026,5.347
77,21,161,0.048,8.954
77,21,168,0.028,5.078
77,21,175,0.027,4.039
77,28,0,0.004,11.853
77,28,7,0.006,2.141
77,28,14,0.035,1.233
77,28,21,0.003,2.382
77,28,28,0.03,2.105
77,28,35,0.002,3.412
77,28,42,0.008,6.8
77,28,49,0.008,6.473
77,28,56,0.029,5.522
77,28,63,0.015,1.981
77,28,70,0.026,7.088
77,28,77,0.017,3.583
77,28,84,0.002,6.288
77,28,91,0.02,4.092
77,28,98,0.034,6.79
77,28,105,0.03,7.478
77,28,112,0.018,6.451
77,28,119,0.019,5.587
77,28,126,0.017,14.026
77,28,133,0.008,7.997
77,28,140,0.006,3.216
77,28,147,0.024,6.453
77,28,154,0.027,3.056
77,28,161,0.018,12.732
77,28,168,0.028,6.698
77,28,175,3.248,1.687
77,35,0,0.012,7.737
77,35,7,0.021,4.959
77,35,14,0.018,1.092
77,35,21,0.027,7.47
77,35,28,0.009,7.976
77,35,35,0.004,4.594
77,35,42,0.021,4.844
77,35,49,0.007,4.406
77,35,56,0.024,7.642
77,35,63,0.003,9.297
77,35,70,0.017,0.648
77,35,77,0.021,7.8
77,35,84,0.007,4.502
77,35,91,0.012,3.109
77,35,98,0.008,7.97
77,35,105,0.019,2.882
77,35,112,0.023,2.69
77,35,119,0.016,3.594
77,35,126,0.017,4.554
77,35,133,0.019,8.843
77,35,140,0.025,7.539
77,35,147,0.006,4.327
77,35,154,0.022,8.064
77,35,161,0.01,3.397
77,35,168,0.004,1.956
77,35,175,0.017,2.209
77,42,0,0.008,9.226
77,42,7,0.02,4.466
77,42,14,0.013,7.464
77,42,21,0.017,3.65
77,42,28,0.013,9.228
77,42,35,0.019,8.714
77,42,42,0.019,3.797
77,42,49,0.017,7.689
77,42,56,0.02,9.294
77,42,63,0.021,2.702
77,42,70,0.017,1.155
77,42,77,0.017,3.022
77,42,84,0.017,9.103
77,42,91,0.02,2.163
77,42,98,0.018,2.381
77,42,105,0.021,2.278
77,42,112,0.015,2.637
77,42,119,0.012,2.531
77,42,126,0.019,9.586
77,42,133,0.016,4.784
77,42,140,0.01,5.115
77,42,147,0.018,4.074
77,42,154,0.016,1.405
77,42,161,0.013,6.392
77,42,168,0.02,1.36
77,42,175,0.003,6.788
77,49,0,0.006,4.041
77,49,7,0.011,3.001
77,49,14,0.008,3.748
77,49,21,0.01,3.161
77,49,28,0.008,2.59
77,49,35,0.015,1.384
77,49,42,0.013,0.837
77,49,49,0.006,4.298
77,49,56,0.014,3.0
77,49,63,0.014,0.889
77,49,70,0.013,3.063
77,49,77,0.013,1.015
77,49,84,0.015,10.575
77,49,91,0.012,10.379
77,49,98,0.017,2.055
77,49,105,0.015,11.061
77,49,112,0.015,3.526
77,49,119,0.014,5.302
77,49,126,0.016,7.501
77,49,133,0.013,9.566
77,49,140,0.012,2.317
77,49,147,0.011,4.575
77,49,154,0.009,1.762
77,49,161,0.012,1.913
77,49,168,0.014,1.688
77,49,175,0.008,6.355
77,56,0,0.009,0.487
77,56,7,0.004,7.416
77,56,14,0.013,11.913
77,56,21,0.012,2.025
77,56,28,0.012,3.467
77,56,35,0.011,3.076
77,56,42,0.013,3.908
77,56,49,0.008,1.831
77,56,56,0.009,9.304
77,56,63,0.012,1.04
77,56,70,0.012,5.049
77,56,77,0.011,4.499
77,56,84,0.012,3.219
77,56,91,0.009,6.169
77,56,98,0.006,1.75
77,56,105,0.009,7.274
77,56,112,0.012,2.21
77,56,119,0.01,1.681
77,56,126,0.01,12.843
77,56,133,0.011,3.982
77,56,140,0.011,5.877
77,56,147,0.012,4.695
77,56,154,0.008,5.081
77,56,161,0.009,3.128
77,56,168,0.012,3.628
77,56,175,0.011,5.891
77,63,0,0.009,1.539
77,63,7,0.009,3.789
77,63,14,0.007,0.635
77,63,21,0.008,2.425
77,63,28,0.01,1.065
77,63,35,0.009,3.72
77,63,42,0.011,3.699
77,63,49,0.009,2.965
77,63,56,0.009,13.251
77,63,63,0.008,2.361
77,63,70,0.009,3.608
77,63,77,0.008,1.653
77,63,84,0.008,5.939
77,63,91,0.009,2.915
77,63,98,0.009,4.119
77,63,105,0.007,2.747
77,63,112,0.009,2.139
77,63,119,0.008,4.53
77,63,126,0.008,7.143
77,63,133,0.003,1.921
77,63,140,0.009,1.123
77,63,147,0.01,5.605
77,63,154,0.006,4.881
77,63,161,0.007,7.381
77,63,168,0.009,2.303
77,63,175,0.005,1.713
77,70,0,0.007,3.192
77,70,7,0.008,1.314
77,70,14,0.006,2.554
77,70,21,0.007,4.736
77,70,28,0.007,2.787
77,70,35,0.007,3.736
77,70,42,0.008,2.629
77,70,49,0.006,2.173
77,70,56,0.008,5.131
77,70,63,0.006,4.206
77,70,70,0.007,5.044
77,70,77,0.008,4.067
77,70,84,0.008,3.336
77,70,91,0.008,6.827
77,70,98,0.007,2.14
77,70,105,0.006,3.892
77,70,112,0.007,6.665
77,70,119,0.009,4.316
77,70,126,0.007,2.253
77,70,133,0.008,4.163
77,70,140,0.008,4.016
77,70,147,0.007,0.955
77,70,154,0.005,3.15
77,70,161,0.007,3.81
77,70,168,0.007,5.779
77,70,175,0.008,1.54
77,77,0,0.007,8.574
77,77,7,0.006,1.055
77,77,14,0.006,5.65
77,77,21,0.006,6.394
77,77,28,0.006,5.573
77,77,35,0.005,3.954
77,77,42,0.007,3.677
77,77,49,0.007,4.421
77,77,56,0.006,4.416
77,77,63,0.006,4.818
77,77,70,0.006,5.913
77,77,77,0.006,4.055
77,77,84,0.006,5.794
77,77,91,0.006,1.665
77,77,98,0.006,4.248
77,77,105,0.006,4.988
77,77,112,0.006,7.471
77,77,119,0.006,1.238
77,77,126,0.005,5.727
77,77,133,0.004,3.125
77,77,140,0.007,6.815
77,77,147,0.005,8.094
77,77,154,0.006,5.657
77,77,161,0.005,5.327
77,77,168,0.005,7.278
77,77,175,0.006,10.992
77,84,0,0.006,6.712
77,84,7,0.006,3.852
77,84,14,0.005,4.928
77,84,21,0.004,10.814
77,84,28,0.005,3.738
77,84,35,0.006,9.458
77,84,42,0.005,7.378
77,84,49,0.005,7.268
77,84,56,0.006,6.581
77,84,63,0.006,6.83
77,84,70,0.006,5.378
77,84,77,0.006,2.193
77,84,84,0.006,6.953
77,84,91,0.005,7.812
77,84,98,0.004,2.608
77,84,105,0.006,3.906
77,84,112,0.006,6.602
77,84,119,0.005,3.355
77,84,126,0.006,8.049
77,84,133,0.006,4.033
77,84,140,0.005,3.153
77,84,147,0.007,3.829
77,84,154,0.007,9.293
77,84,161,0.006,7.085
77,84,168,0.007,4.305
77,84,175,0.006,9.438
84,0,0,0.0,1.189
84,0,7,0.435,10.753
84,0,14,0.0,9.823
84,0,21,0.0,7.666
84,0,28,0.077,12.083
84,0,35,0.0,0.255
84,0,42,0.0,6.596
84,0,49,0.0,12.533
84,0,56,0.282,1.673
84,0,63,0.34,1.738
84,0,70,0.272,14.547
84,0,77,0.244,16.946
84,0,84,0.0,11.538
84,0,91,0.0,0.107
84,0,98,0.0,19.345
84,0,105,0.0,9.685
84,0,112,0.323,8.207
84,0,119,0.25,1.86
84,0,126,0.0,5.261
84,0,133,0.297,13.126
84,0,140,0.278,7.925
84,0,147,0.253,10.196
84,0,154,0.271,2.197
84,0,161,0.241,12.808
84,0,168,0.0,10.277
84,0,175,0.0,21.571
84,7,0,0.067,10.774
84,7,7,0.041,7.039
84,7,14,0.143,7.804
84,7,21,0.052,11.477
84,7,28,0.02,7.014
84,7,35,0.029,13.283
84,7,42,0.037,12.032
84,7,49,0.06,3.677
84,7,56,0.002,2.807
84,7,63,0.053,7.428
84,7,70,0.088,1.05
84,7,77,0.077,5.569
84,7,84,0.018,6.475
84,7,91,0.155,12.547
84,7,98,0.1,10.553
84,7,105,0.022,8.338
84,7,112,0.039,12.029
84,7,119,0.168,11.914
84,7,126,0.086,6.988
84,7,133,0.007,8.787
84,7,140,0.002,3.424
84,7,147,0.455,6.78
84,7,154,0.063,2.864
84,7,161,0.334,13.012
84,7,168,0.26,5.186
84,7,175,0.029,9.66
84,14,0,0.008,16.284
84,14,7,0.008,5.256
84,14,14,0.009,10.547
84,14,21,0.067,6.504
84,14,28,0.003,3.295
84,14,35,0.094,9.092
84,14,42,0.007,1.409
84,14,49,0.006,7.514
84,14,56,0.041,0.912
84,14,63,0.008,1.696
84,14,70,0.139,11.983
84,14,77,0.019,5.845
84,14,84,0.024,5.001
84,14,91,0.006,3.448
84,14,98,0.03,5.319
84,14,105,0.003,6.528
84,14,112,0.109,5.952
84,14,119,0.016,4.436
84,14,126,0.136,8.851
84,14,133,0.006,12.237
84,14,140,0.007,4.643
84,14,147,0.153,12.323
84,14,154,0.056,8.221
84,14,161,0.027,0.714
84,14,168,1.22,2.489
84,14,175,0.026,1.497
84,21,0,0.008,4.933
84,21,7,0.002,6.927
84,21,14,0.014,3.58
84,21,21,0.009,2.112
84,21,28,0.009,6.609
84,21,35,0.023,6.239
84,21,42,0.063,2.655
84,21,49,0.032,12.048
84,21,56,0.007,6.123
84,21,63,0.051,4.754
84,21,70,0.007,4.533
84,21,77,0.003,5.993
84,21,84,0.109,14.076
84,21,91,0.063,13.319
84,21,98,0.068,3.106
84,21,105,0.078,3.418
84,21,112,0.044,2.452
84,21,119,0.061,4.743
84,21,126,0.02,1.223
84,21,133,0.007,2.181
84,21,140,0.046,2.717
84,21,147,0.035,2.718
84,21,154,0.043,2.259
84,21,161,0.028,2.613
84,21,168,2.196,6.476
84,21,175,0.865,5.73
84,28,0,0.029,9.039
84,28,7,0.068,4.338
84,28,14,0.059,9.391
84,28,21,0.025,2.316
84,28,28,0.039,2.957
84,28,35,0.026,3.77
84,28,42,0.066,10.563
84,28,49,0.017,7.553
84,28,56,0.049,2.932
84,28,63,0.003,3.4
84,28,70,0.007,10.635
84,28,77,0.04,3.098
84,28,84,0.032,3.067
84,28,91,0.029,3.307
84,28,98,0.072,3.174
84,28,105,0.071,3.721
84,28,112,0.009,2.956
84,28,119,0.057,5.561
84,28,126,0.025,2.842
84,28,133,0.036,9.821
84,28,140,0.034,1.312
84,28,147,0.06,3.183
84,28,154,0.012,2.814
84,28,161,0.071,3.981
84,28,168,0.06,3.51
84,28,175,0.027,10.281
84,35,0,0.032,1.465
84,35,7,0.027,4.523
84,35,14,0.026,2.797
84,35,21,0.048,1.707
84,35,28,0.02,9.241
84,35,35,0.059,6.498
84,35,42,0.056,4.905
84,35,49,0.026,12.422
84,35,56,0.028,7.827
84,35,63,0.034,3.919
84,35,70,0.054,4.793
84,35,77,0.049,2.932
84,35,84,0.035,5.768
84,35,91,0.034,6.439
84,35,98,0.022,7.041
84,35,105,0.03,3.686
84,35,112,0.043,3.786
84,35,119,0.04,3.237
84,35,126,0.026,0.958
84,35,133,0.028,6.267
84,35,140,0.033,3.542
84,35,147,0.003,4.214
84,35,154,0.055,4.328
84,35,161,0.025,4.062
84,35,168,0.006,2.182
84,35,175,0.032,14.543
84,42,0,0.019,13.007
84,42,7,0.044,6.847
84,42,14,0.041,5.238
84,42,21,0.036,4.447
84,42,28,0.031,4.115
84,42,35,0.029,1.329
84,42,42,0.032,6.294
84,42,49,0.032,4.647
84,42,56,0.035,4.726
84,42,63,0.039,14.721
84,42,70,0.031,3.511
84,42,77,0.036,4.675
84,42,84,0.036,9.184
84,42,91,0.037,3.605
84,42,98,0.035,4.111
84,42,105,0.042,4.464
84,42,112,0.036,3.997
84,42,119,0.024,5.454
84,42,126,0.015,4.156
84,42,133,0.014,4.148
84,42,140,0.033,4.426
84,42,147,0.029,5.078
84,42,154,0.037,4.582
84,42,161,0.033,9.535
84,42,168,0.028,4.725
84,42,175,0.045,4.568
84,49,0,0.009,5.855
84,49,7,0.026,4.514
84,49,14,0.031,4.729
84,49,21,0.02,4.857
84,49,28,0.015,2.928
84,49,35,0.032,4.46
84,49,42,0.024,3.448
84,49,49,0.034,3.091
84,49,56,0.03,4.725
84,49,63,0.032,4.508
84,49,70,0.029,5.222
84,49,77,0.03,4.9
84,49,84,0.034,5.048
84,49,91,0.021,5.234
84,49,98,0.032,4.405
84,49,105,0.026,3.638
84,49,112,0.024,9.945
84,49,119,0.033,5.139
84,49,126,0.032,2.024
84,49,133,0.022,1.236
84,49,140,0.032,4.531
84,49,147,0.024,7.079
84,49,154,0.027,5.488
84,49,161,0.029,2.055
84,49,168,0.032,0.446
84,49,175,0.019,4.884
84,56,0,0.018,4.803
84,56,7,0.025,5.267
84,56,14,0.019,6.641
84,56,21,0.022,5.253
84,56,28,0.021,2.594
84,56,35,0.026,5.91
84,56,42,0.018,3.86
84,56,49,0.028,6.038
84,56,56,0.011,6.913
84,56,63,0.016,1.985
84,56,70,0.023,5.315
84,56,77,0.023,9.083
84,56,84,0.024,7.314
84,56,91,0.021,4.351
84,56,98,0.022,5.227
84,56,105,0.022,2.116
84,56,112,0.015,7.132
84,56,119,0.031,3.949
84,56,126,0.028,6.464
84,56,133,0.021,7.462
84,56,140,0.019,5.331
84,56,147,0.023,3.358
84,56,154,0.023,6.097
84,56,161,0.028,1.738
84,56,168,0.027,5.701
84,56,175,0.02,5.278
84,63,0,0.017,10.298
84,63,7,0.021,4.204
84,63,14,0.018,2.599
84,63,21,0.012,4.258
84,63,28,0.007,5.731
84,63,35,0.014,5.882
84,63,42,0.014,6.62
84,63,49,0.017,6.54
84,63,56,0.013,3.421
84,63,63,0.012,6.266
84,63,70,0.004,6.204
84,63,77,0.016,4.539
84,63,84,0.014,5.664
84,63,91,0.022,6.94
84,63,98,0.015,4.672
84,63,105,0.016,2.819
84,63,112,0.017,6.02
84,63,119,0.01,5.345
84,63,126,0.019,7.681
84,63,133,0.02,3.134
84,63,140,0.016,3.836
84,63,147,0.021,6.527
84,63,154,0.023,6.233
84,63,161,0.017,2.301
84,63,168,0.018,4.67
84,63,175,0.021,3.457
84,70,0,0.014,8.127
84,70,7,0.016,2.91
84,70,14,0.018,1.785
84,70,21,0.016,3.1
84,70,28,0.016,6.147
84,70,35,0.013,5.752
84,70,42,0.014,6.711
84,70,49,0.016,8.245
84,70,56,0.012,6.169
84,70,63,0.014,8.137
84,70,70,0.012,6.712
84,70,77,0.015,5.757
84,70,84,0.012,6.515
84,70,91,0.012,6.439
84,70,98,0.016,3.217
84,70,105,0.011,5.902
84,70,112,0.017,2.552
84,70,119,0.014,3.362
84,70,126,0.014,4.471
84,70,133,0.007,3.473
84,70,140,0.018,4.792
84,70,147,0.012,1.441
84,70,154,0.017,5.669
84,70,161,0.013,6.979
84,70,168,0.017,6.431
84,70,175,0.018,6.3
84,77,0,0.009,2.451
84,77,7,0.009,6.532
84,77,14,0.012,6.803
84,77,21,0.011,6.015
84,77,28,0.013,5.418
84,77,35,0.014,3.508
84,77,42,0.012,6.552
84,77,49,0.01,6.742
84,77,56,0.012,2.554
84,77,63,0.013,5.138
84,77,70,0.013,9.118
84,77,77,0.011,2.954
84,77,84,0.014,4.444
84,77,91,0.015,5.483
84,77,98,0.012,4.469
84,77,105,0.013,2.471
84,77,112,0.014,7.684
84,77,119,0.014,6.01
84,77,126,0.011,9.045
84,77,133,0.011,4.184
84,77,140,0.013,3.421
84,77,147,0.012,5.686
84,77,154,0.009,4.804
84,77,161,0.015,7.42
84,77,168,0.013,5.18
84,77,175,0.009,4.127
84,84,0,0.008,2.128
84,84,7,0.01,11.698
84,84,14,0.008,6.527
84,84,21,0.012,8.86
84,84,28,0.013,6.18
84,84,35,0.013,8.535
84,84,42,0.009,2.604
84,84,49,0.01,1.681
84,84,56,0.012,6.313
84,84,63,0.012,7.094
84,84,70,0.012,7.518
84,84,77,0.014,9.136
84,84,84,0.01,6.065
84,84,91,0.009,7.454
84,84,98,0.011,7.469
84,84,105,0.012,6.073
84,84,112,0.011,7.272
84,84,119,0.008,5.128
84,84,126,0.009,6.44
84,84,133,0.012,3.316
84,84,140,0.01,4.337
84,84,147,0.011,9.681
84,84,154,0.013,7.017
84,84,161,0.009,8.84
84,84,168,0.011,8.646
84,84,175,0.127,8.134
